PoNumber,Item No,Quantity,Vendor Challan No,Challan Date,Assesable Value,BED Value,SED Value,AED Value,ECS value,S&H E cess Value,S&H E cess Rate %,ECS Rate %,BED %,AED %,SED %,Sales Tax,Invoice amount,VAT amount,Currency,Form 31-Series No,Form 31 No,Invoice Number,Invoice Date,Vehicle Number,Packages,PackUnit,
2540131755,10,50,P00001,03.04.2017,112775,14097,0,0,0,0,0,0,12.5,0,0,0,143999.72,17127.72,INR,,,,,MH14 CP2472,,,
2540131762,10,60,P00002,03.04.2017,13551.6,1694,0,0,0,0,0,0,12.5,0,0,0,17303.76,2058.16,INR,,,,,MH14 CP2472,,,
2540131769,10,90,P00003,03.04.2017,25878.6,3235,0,0,0,0,0,0,12.5,0,0,0,33043.94,3930.34,INR,,,,,,,,
2510172330,10,40,P00004,03.04.2017,15199.6,1900,0,0,0,0,0,0,12.5,0,0,0,19408.05,2308.45,INR,,,,,MH14 CP2472,,,
2540131761,10,40,P00005,03.04.2017,29282.8,3660,0,0,0,0,0,0,12.5,0,0,0,37390.08,4447.28,INR,,,,,MH14 CP2472,,,
2540131765,10,50,P00012,03.04.2017,110943.5,13868,0,0,0,0,0,0,12.5,0,0,0,141661.05,16849.55,INR,,,,,,,,
2540131761,10,40,P00013,03.04.2017,29282.8,3660,0,0,0,0,0,0,12.5,0,0,0,37390.08,4447.28,INR,,,,,,,,
2540131761,10,10,P00014,03.04.2017,7320.7,915,0,0,0,0,0,0,12.5,0,0,0,9347.52,1111.82,INR,,,,,,,,
2540132379,10,14,P00018,04.04.2017,34908.3,4364,0,0,0,0,0,0,12.5,0,0,0,44574.06,5301.76,INR,,,,,MH14 CP2472,,,
2540131769,10,90,P00019,04.04.2017,25878.6,3235,0,0,0,0,0,0,12.5,0,0,0,33043.94,3930.34,INR,,,,,MH14 CP2472,,,
2540131762,10,60,P00020,04.04.2017,13551.6,1694,0,0,0,0,0,0,12.5,0,0,0,17303.76,2058.16,INR,,,,,MH14 CP2472,,,
2510172358,10,40,P00021,04.04.2017,8136.4,1017,0,0,0,0,0,0,12.5,0,0,0,10389.11,1235.71,INR,,,,,MH14 CP2472,,,
2510172351,10,40,P00022,04.04.2017,33637.6,4205,0,0,0,0,0,0,12.5,0,0,0,42951.35,5108.75,INR,,,,,MH14 CP2472,,,
2540131774,10,100,P00023,04.04.2017,29952,3744,0,0,0,0,0,0,12.5,0,0,0,38244.96,4548.96,INR,,,,,MH14 CP2472,,,
2510172365,10,100,P00024,04.04.2017,31474,3934,0,0,0,0,0,0,12.5,0,0,0,40188.08,4780.08,INR,,,,,MH14 CP2472,,,
2540131755,10,50,P00025,04.04.2017,112775,14097,0,0,0,0,0,0,12.5,0,0,0,143999.72,17127.72,INR,,,,,MH14 CP2472,,,
2540131761,10,10,P00026,04.04.2017,7320.7,915,0,0,0,0,0,0,12.5,0,0,0,9347.52,1111.82,INR,,,,,MH14 CP2472,,,
2540131755,10,50,P00027,04.04.2017,112775,14097,0,0,0,0,0,0,12.5,0,0,0,143999.72,17127.72,INR,,,,,MH14 CP2472,,,
2540131775,10,20,P00028,04.04.2017,14602,1825,0,0,0,0,0,0,12.5,0,0,0,18644.64,2217.64,INR,,,,,MH14 CP2472,,,
2510172330,10,20,P00029,04.04.2017,7599.8,950,0,0,0,0,0,0,12.5,0,0,0,9704.02,1154.22,INR,,,,,MH14 CP2472,,,
2540127048,10,20,P00030,04.04.2017,7598.6,950,0,0,0,0,0,0,12.5,0,0,0,9702.66,1154.06,INR,,,,,MH14 CP2472,,,
2540131762,10,30,P00031,04.04.2017,6775.8,847,0,0,0,0,0,0,12.5,0,0,0,8651.88,1029.08,INR,,,,,MH14 CP2472,,,
2510172359,10,15,P00032,04.04.2017,2656.05,332,0,0,0,0,0,0,12.5,0,0,0,3391.44,403.39,INR,,,,,MH14 CP2472,,,
2540131761,10,30,P00033,04.04.2017,21962.1,2745,0,0,0,0,0,0,12.5,0,0,0,28042.56,3335.46,INR,,,,,MH14 CP2472,,,
2540132379,10,14,P00034,04.04.2017,34908.3,4364,0,0,0,0,0,0,12.5,0,0,0,44574.06,5301.76,INR,,,,,MH14 CP2472,,,
2510172347,10,25,P00035,04.04.2017,2879.25,360,0,0,0,0,0,0,12.5,0,0,0,3676.55,437.3,INR,,,,,MH14 CP2472,,,
2540131765,10,75,P00036,04.04.2017,166415.25,20802,0,0,0,0,0,0,12.5,0,0,0,212491.58,25274.33,INR,,,,,MH14 CP2472,,,
2540131761,10,30,P00037,04.04.2017,21962.1,2745,0,0,0,0,0,0,12.5,0,0,0,28042.56,3335.46,INR,,,,,MH14 CP2472,,,
2540131761,10,10,P00038,04.04.2017,7320.7,915,0,0,0,0,0,0,12.5,0,0,0,9347.52,1111.82,INR,,,,,MH14 CP2472,,,
2540131761,10,10,P00039,04.04.2017,7320.7,915,0,0,0,0,0,0,12.5,0,0,0,9347.52,1111.82,INR,,,,,MH14 CP2472,,,
2540131769,10,30,P00040,04.04.2017,8626.2,1078,0,0,0,0,0,0,12.5,0,0,0,11014.27,1310.07,INR,,,,,MH14 CP2472,,,
2540131769,10,30,P00041,04.04.2017,8626.2,1078,0,0,0,0,0,0,12.5,0,0,0,11014.27,1310.07,INR,,,,,MH14 CP2472,,,
2540131755,10,100,P00051,05.04.2017,225550,28194,0,0,0,0,0,0,12.5,0,0,0,287999.44,34255.44,INR,,,,,MH14CP 2472,,,
2540132379,10,20,P00052,05.04.2017,49869,6234,0,0,0,0,0,0,12.5,0,0,0,63676.9,7573.9,INR,,,,,MH14CP 2472,,,
2510172358,10,100,P00053,05.04.2017,20341,2543,0,0,0,0,0,0,12.5,0,0,0,25973.34,3089.34,INR,,,,,MH14CP 2472,,,
2540131774,10,80,P00054,05.04.2017,23961.6,2995,0,0,0,0,0,0,12.5,0,0,0,30595.74,3639.14,INR,,,,,MH14CP 2472,,,
2540131761,10,20,P00055,05.04.2017,14641.4,1830,0,0,0,0,0,0,12.5,0,0,0,18695.04,2223.64,INR,,,,,MH14CP 2472,,,
2510172330,10,20,P00056,05.04.2017,7599.8,950,0,0,0,0,0,0,12.5,0,0,0,9704.02,1154.22,INR,,,,,MH14CP 2472,,,
2540131769,10,150,P00057,05.04.2017,43131,5391,0,0,0,0,0,0,12.5,0,0,0,55072.47,6550.47,INR,,,,,MH14CP 2472,,,
2540131775,10,25,P00058,05.04.2017,18252.5,2282,0,0,0,0,0,0,12.5,0,0,0,23306.66,2772.16,INR,,,,,MH14CP 2472,,,
2510172347,10,40,P00059,05.04.2017,4606.8,576,0,0,0,0,0,0,12.5,0,0,0,5882.48,699.68,INR,,,,,MH14CP 2472,,,
2540131762,10,60,P00060,05.04.2017,13551.6,1694,0,0,0,0,0,0,12.5,0,0,0,17303.76,2058.16,INR,,,,,MH14CP 2472,,,
2510172350,10,18,P00061,05.04.2017,29287.62,3661,0,0,0,0,0,0,12.5,0,0,0,37396.68,4448.06,INR,,,,,MH14 CP2472,,,
2530005879,10,900,P00064,05.04.2017,5040,630,0,0,0,0,0,0,12.5,0,0,0,6435.45,765.45,INR,,,,,,,,
2540136041,10,138,P00065,05.04.2017,1439.34,180,0,0,0,0,0,0,12.5,0,0,0,1837.95,218.61,INR,,,,,,,,
2540131755,10,3953,P00066,05.04.2017,583620.92,72953,0,0,0,0,0,0,12.5,0,0,0,745211.4,88637.48,INR,,,,,,,,
2540131756,10,2037,P00067,05.04.2017,301557.48,37695,0,0,0,0,0,0,12.5,0,0,0,385051.56,45799.08,INR,,,,,,,,
2540131757,10,1050,P00068,05.04.2017,173586,21698,0,0,0,0,0,0,12.5,0,0,0,221647.34,26363.34,INR,,,,,,,,
2510172309,10,2082,P00069,05.04.2017,91170.78,11396,0,0,0,0,0,0,12.5,0,0,0,116413.3,13846.52,INR,,,,,,,,
2540131758,10,240,P00070,05.04.2017,4596,574,0,0,0,0,0,0,12.5,0,0,0,5867.95,697.95,INR,,,,,,,,
2540131759,10,1052,P00071,05.04.2017,21103.12,2638,0,0,0,0,0,0,12.5,0,0,0,26946.17,3205.05,INR,,,,,,,,
2540131760,10,750,P00072,05.04.2017,30300,3788,0,0,0,0,0,0,12.5,0,0,0,38689.88,4601.88,INR,,,,,,,,
2510172313,10,111,P00073,05.04.2017,1832.61,229,0,0,0,0,0,0,12.5,0,0,0,2339.93,278.32,INR,,,,,,,,
2540131761,10,2825,P00074,05.04.2017,114130,14266,0,0,0,0,0,0,12.5,0,0,0,145729.46,17333.46,INR,,,,,,,,
2540131329,10,2048,P00075,05.04.2017,124846.08,15606,0,0,0,0,0,0,12.5,0,0,0,159413.11,18961.03,INR,,,,,,,,
2540131762,10,3757,P00076,05.04.2017,47413.34,5927,0,0,0,0,0,0,12.5,0,0,0,60541.29,7200.95,INR,,,,,,,,
2510172317,10,1679,P00077,05.04.2017,56447.98,7056,0,0,0,0,0,0,12.5,0,0,0,72077.02,8573.04,INR,,,,,,,,
2510172318,10,2056,P00078,05.04.2017,51235.52,6404,0,0,0,0,0,0,12.5,0,0,0,65420.86,7781.34,INR,,,,,,,,
2540136043,10,191,P00079,05.04.2017,3185.88,398,0,0,0,0,0,0,12.5,0,0,0,4067.7,483.82,INR,,,,,,,,
2540136045,10,140,P00080,05.04.2017,644,80,0,0,0,0,0,0,12.5,0,0,0,821.74,97.74,INR,,,,,,,,
2540131763,10,3730,P00081,05.04.2017,78255.4,9782,0,0,0,0,0,0,12.5,0,0,0,99922.45,11885.05,INR,,,,,,,,
2540131764,10,2663,P00082,05.04.2017,66441.85,8305,0,0,0,0,0,0,12.5,0,0,0,84837.67,10090.82,INR,,,,,,,,
2540131765,10,3119,P00083,05.04.2017,459335.13,57417,0,0,0,0,0,0,12.5,0,0,0,586513.67,69761.54,INR,,,,,,,,
2540131766,10,204,P00084,05.04.2017,4304.4,538,0,0,0,0,0,0,12.5,0,0,0,5496.12,653.72,INR,,,,,,,,
2540131801,10,424,P00085,05.04.2017,8946.4,1118,0,0,0,0,0,0,12.5,0,0,0,11423.09,1358.69,INR,,,,,,,,
2540132379,10,268,P00086,05.04.2017,44305.76,5538,0,0,0,0,0,0,12.5,0,0,0,56572.67,6728.91,INR,,,,,,,,
2540132379,10,388,P00087,05.04.2017,64144.16,8018,0,0,0,0,0,0,12.5,0,0,0,81904.05,9741.89,INR,,,,,,,,
2510172327,10,144,P00088,05.04.2017,2623.68,328,0,0,0,0,0,0,12.5,0,0,0,3350.16,398.48,INR,,,,,,,,
2540131767,10,578,P00089,05.04.2017,11594.68,1449,0,0,0,0,0,0,12.5,0,0,0,14804.58,1760.9,INR,,,,,,,,
2540131768,10,1510,P00090,05.04.2017,25277.4,3160,0,0,0,0,0,0,12.5,0,0,0,32276.45,3839.05,INR,,,,,,,,
2510172330,10,546,P00091,05.04.2017,55397.16,6925,0,0,0,0,0,0,12.5,0,0,0,70735.65,8413.49,INR,,,,,,,,
2540127048,10,183,P00092,05.04.2017,3125.64,391,0,0,0,0,0,0,12.5,0,0,0,3991.39,474.75,INR,,,,,,,,
2540131769,10,2118,P00093,05.04.2017,38886.48,4861,0,0,0,0,0,0,12.5,0,0,0,49653.39,5905.91,INR,,,,,,,,
2540131769,10,2671,P00094,05.04.2017,49039.56,6130,0,0,0,0,0,0,12.5,0,0,0,62617.45,7447.89,INR,,,,,,,,
2530005878,10,2700,P00095,05.04.2017,10260,1282,0,0,0,0,0,0,12.5,0,0,0,13100.17,1558.17,INR,,,,,,,,
2540136040,10,5270,P00096,05.04.2017,31830.8,3979,0,0,0,0,0,0,12.5,0,0,0,40644.12,4834.32,INR,,,,,,,,
2510172338,10,200,P00097,05.04.2017,606,76,0,0,0,0,0,0,12.5,0,0,0,774.07,92.07,INR,,,,,,,,
2540136731,10,63,P00098,05.04.2017,4364.64,546,0,0,0,0,0,0,12.5,0,0,0,5573.58,662.94,INR,,,,,,,,
2540131771,10,914,P00099,05.04.2017,63321.92,7915,0,0,0,0,0,0,12.5,0,0,0,80853.9,9616.98,INR,,,,,,,,
2510172346,10,900,P00100,05.04.2017,6894,862,0,0,0,0,0,0,12.5,0,0,0,8803.06,1047.06,INR,,,,,,,,
2540131772,10,99,P00101,05.04.2017,6858.72,857,0,0,0,0,0,0,12.5,0,0,0,8757.34,1041.62,INR,,,,,,,,
2540131772,10,246,P00102,05.04.2017,17042.88,2130,0,0,0,0,0,0,12.5,0,0,0,21761.22,2588.34,INR,,,,,,,,
2510172348,10,1445,P00103,05.04.2017,13973.15,1747,0,0,0,0,0,0,12.5,0,0,0,17842.37,2122.22,INR,,,,,,,,
2510172335,10,920,P00104,05.04.2017,4176.8,522,0,0,0,0,0,0,12.5,0,0,0,5333.14,634.34,INR,,,,,,,,
2540131770,10,270,P00105,05.04.2017,8351.1,1044,0,0,0,0,0,0,12.5,0,0,0,10663.44,1268.34,INR,,,,,,,,
2510172674,10,85,P00106,05.04.2017,8458.35,1057,0,0,0,0,0,0,12.5,0,0,0,10799.92,1284.57,INR,,,,,,,,
2510172675,10,18,P00107,05.04.2017,2096.28,262,0,0,0,0,0,0,12.5,0,0,0,2676.65,318.37,INR,,,,,,,,
2510172347,10,130,P00108,05.04.2017,835.9,104,0,0,0,0,0,0,12.5,0,0,0,1066.79,126.89,INR,,,,,,,,
2540131774,10,5737,P00109,05.04.2017,106306.61,13288,0,0,0,0,0,0,12.5,0,0,0,135739.88,16145.27,INR,,,,,,,,
2540136716,10,336,P00110,05.04.2017,29823.36,3728,0,0,0,0,0,0,12.5,0,0,0,38080.79,4529.43,INR,,,,,,,,
2510172350,10,48,P00111,05.04.2017,4260.48,533,0,0,0,0,0,0,12.5,0,0,0,5440.6,647.12,INR,,,,,,,,
2510172351,10,3502,P00112,05.04.2017,139974.94,17497,0,0,0,0,0,0,12.5,0,0,0,178730.65,21258.71,INR,,,,,,,,
2510172330,10,20,P00113,05.04.2017,7599.8,950,0,0,0,0,0,0,12.5,0,0,0,9704.02,1154.22,INR,,,,,MH14CP 2472,,,
2540131755,10,50,P00128,05.04.2017,112775,14097,0,0,0,0,0,0,12.5,0,0,0,143999.72,17127.72,INR,,,,,MH14 CP2472,,,
2540131755,10,25,P00129,05.04.2017,56387.5,7048,0,0,0,0,0,0,12.5,0,0,0,71999.29,8563.79,INR,,,,,MH14 CP2472,,,
2540131755,10,25,P00130,05.04.2017,56387.5,7048,0,0,0,0,0,0,12.5,0,0,0,71999.29,8563.79,INR,,,,,MH14 CP2472,,,
2540132379,10,20,P00131,05.04.2017,49869,6234,0,0,0,0,0,0,12.5,0,0,0,63676.9,7573.9,INR,,,,,MH14 CP2472,,,
2540132379,10,10,P00132,05.04.2017,24934.5,3117,0,0,0,0,0,0,12.5,0,0,0,31838.45,3786.95,INR,,,,,MH14 CP2472,,,
2540132379,10,10,P00133,05.04.2017,24934.5,3117,0,0,0,0,0,0,12.5,0,0,0,31838.45,3786.95,INR,,,,,MH14 CP2472,,,
2540132379,10,5,P00134,05.04.2017,12467.25,1558,0,0,0,0,0,0,12.5,0,0,0,15918.66,1893.41,INR,,,,,MH14 CP2472,,,
2540131755,10,5,P00135,05.04.2017,11277.5,1410,0,0,0,0,0,0,12.5,0,0,0,14400.31,1712.81,INR,,,,,MH14 CP2472,,,
2540131761,10,10,P00144,05.04.2017,7320.7,915,0,0,0,0,0,0,12.5,0,0,0,9347.52,1111.82,INR,,,,,MH14 CP2472,,,
2540131761,10,30,P00145,05.04.2017,21962.1,2745,0,0,0,0,0,0,12.5,0,0,0,28042.56,3335.46,INR,,,,,MH14 CP2472,,,
2540131761,10,10,P00146,05.04.2017,7320.7,915,0,0,0,0,0,0,12.5,0,0,0,9347.52,1111.82,INR,,,,,MH14 CP2472,,,
2540131761,10,10,P00147,05.04.2017,7320.7,915,0,0,0,0,0,0,12.5,0,0,0,9347.52,1111.82,INR,,,,,MH14CP 2472,,,
2540131776,10,982,P00148,06.04.2017,42157.26,5270,0,0,0,0,0,0,12.5,0,0,0,53829.94,6402.68,INR,,,,,,,,
2540131775,10,588,P00149,06.04.2017,19839.12,2480,0,0,0,0,0,0,12.5,0,0,0,25332.2,3013.08,INR,,,,,,,,
2540131777,10,245,P00150,06.04.2017,1891.4,236,0,0,0,0,0,0,12.5,0,0,0,2414.6,287.2,INR,,,,,,,,
2510172357,10,600,P00151,06.04.2017,5568,696,0,0,0,0,0,0,12.5,0,0,0,7109.64,845.64,INR,,,,,,,,
2510172358,10,3238,P00152,06.04.2017,99633.26,12454,0,0,0,0,0,0,12.5,0,0,0,127219.04,15131.78,INR,,,,,,,,
2510172358,10,2789,P00153,06.04.2017,85817.53,10727,0,0,0,0,0,0,12.5,0,0,0,109578.04,13033.51,INR,,,,,,,,
2510172359,10,1141,P00154,06.04.2017,8101.1,1013,0,0,0,0,0,0,12.5,0,0,0,10344.5,1230.4,INR,,,,,,,,
2540131779,10,472,P00155,06.04.2017,6711.84,839,0,0,0,0,0,0,12.5,0,0,0,8570.2,1019.36,INR,,,,,,,,
2540131780,10,250,P00156,06.04.2017,2287.5,286,0,0,0,0,0,0,12.5,0,0,0,2920.92,347.42,INR,,,,,,,,
2510172364,10,432,P00157,06.04.2017,2354.4,294,0,0,0,0,0,0,12.5,0,0,0,3005.93,357.53,INR,,,,,,,,
2510172365,10,5310,P00158,06.04.2017,87349.5,10919,0,0,0,0,0,0,12.5,0,0,0,111534.75,13266.25,INR,,,,,,,,
2510172368,10,97,P00159,06.04.2017,590.73,74,0,0,0,0,0,0,12.5,0,0,0,754.47,89.74,INR,,,,,,,,
2510172369,10,70,P00160,06.04.2017,431.9,54,0,0,0,0,0,0,12.5,0,0,0,551.5,65.6,INR,,,,,,,,
2510172371,10,464,P00161,06.04.2017,10699.84,1337,0,0,0,0,0,0,12.5,0,0,0,13661.81,1624.97,INR,,,,,,,,
2510172372,10,576,P00162,06.04.2017,11508.48,1439,0,0,0,0,0,0,12.5,0,0,0,14695.39,1747.91,INR,,,,,,,,
2510172373,10,615,P00163,06.04.2017,6143.85,768,0,0,0,0,0,0,12.5,0,0,0,7844.95,933.1,INR,,,,,,,,
2540144886,10,100,P00164,06.04.2017,1909,239,0,0,0,0,0,0,12.5,0,0,0,2437.98,289.98,INR,,,,,,,,
2530005982,10,70,P00165,06.04.2017,763.7,95,0,0,0,0,0,0,12.5,0,0,0,974.62,115.92,INR,,,,,,,,
2530005878,10,1587,P00166,06.04.2017,22709.97,2839,0,0,0,0,0,0,12.5,0,0,0,28998.08,3449.11,INR,,,,,,,,
2510172343,10,241,P00167,06.04.2017,2402.77,300,0,0,0,0,0,0,12.5,0,0,0,3067.64,364.87,INR,,,,,,,,
2540135674,10,1160,P00168,06.04.2017,3236.4,405,0,0,0,0,0,0,12.5,0,0,0,4132.99,491.59,INR,,,,,,,,
2540135674,10,400,P00169,06.04.2017,1300,162,0,0,0,0,0,0,12.5,0,0,0,1659.37,197.37,INR,,,,,,,,
2540135674,10,920,P00170,06.04.2017,1978,247,0,0,0,0,0,0,12.5,0,0,0,2525.38,300.38,INR,,,,,,,,
2540135675,10,3825,P00171,06.04.2017,6387.75,798,0,0,0,0,0,0,12.5,0,0,0,8155.83,970.08,INR,,,,,,,,
2540135675,10,4608,P00172,06.04.2017,8939.52,1117,0,0,0,0,0,0,12.5,0,0,0,11414.15,1357.63,INR,,,,,,,,
2540135675,10,4095,P00173,06.04.2017,5282.55,660,0,0,0,0,0,0,12.5,0,0,0,6744.79,802.24,INR,,,,,,,,
2540135676,10,5033,P00174,06.04.2017,3825.08,478,0,0,0,0,0,0,12.5,0,0,0,4884,580.92,INR,,,,,,,,
2540135676,10,4644,P00175,06.04.2017,4133.16,517,0,0,0,0,0,0,12.5,0,0,0,5277.93,627.77,INR,,,,,,,,
2510172357,10,100,P00176,06.04.2017,24859,3107,0,0,0,0,0,0,12.5,0,0,0,31741.41,3775.41,INR,,,,,MH14 CP2472,,,
2510172358,10,100,P00177,06.04.2017,20341,2543,0,0,0,0,0,0,12.5,0,0,0,25973.34,3089.34,INR,,,,,MH14 CP2472,,,
2540135676,10,2916,P00178,06.04.2017,1720.44,215,0,0,0,0,0,0,12.5,0,0,0,2196.72,261.28,INR,,,,,,,,
2540131774,10,80,P00179,06.04.2017,23961.6,2995,0,0,0,0,0,0,12.5,0,0,0,30595.74,3639.14,INR,,,,,MH14 CP2472,,,
2540140488,10,60,P00206,06.04.2017,15732.6,1967,0,0,0,0,0,0,12.5,0,0,0,20089.05,2389.45,INR,,,,,MH14 CP2472,,,
2510172351,10,64,P00207,06.04.2017,53820.16,6728,0,0,0,0,0,0,12.5,0,0,0,68722.16,8174,INR,,,,,MH14 CP2472,,,
2540131761,10,10,P00208,06.04.2017,7320.7,915,0,0,0,0,0,0,12.5,0,0,0,9347.52,1111.82,INR,,,,,MH14 CP2472,,,
2510172330,10,20,P00209,06.04.2017,7599.8,950,0,0,0,0,0,0,12.5,0,0,0,9704.02,1154.22,INR,,,,,MH14 CP2472,,,
2540131759,10,18,P00210,06.04.2017,6646.68,831,0,0,0,0,0,0,12.5,0,0,0,8487.17,1009.49,INR,,,,,MH14 CP2472,,,
2540136045,10,180,P00211,06.04.2017,14211,1776,0,0,0,0,0,0,12.5,0,0,0,18145.24,2158.24,INR,,,,,MH14 CP2472,,,
2540131769,10,180,P00212,06.04.2017,51757.2,6470,0,0,0,0,0,0,12.5,0,0,0,66087.87,7860.67,INR,,,,,MH14 CP2472,,,
2540131758,10,12,P00213,06.04.2017,4272.48,534,0,0,0,0,0,0,12.5,0,0,0,5455.35,648.87,INR,,,,,MH14 CP2472,,,
2510172313,10,32,P00214,06.04.2017,8815.36,1102,0,0,0,0,0,0,12.5,0,0,0,11256.2,1338.84,INR,,,,,MH14 CP2472,,,
2540132379,10,5,P00215,06.04.2017,12467.25,1558,0,0,0,0,0,0,12.5,0,0,0,15918.66,1893.41,INR,,,,,MH14 CP2472,,,
2540131755,10,40,P00230,06.04.2017,90220,11278,0,0,0,0,0,0,12.5,0,0,0,115200.23,13702.23,INR,,,,,MH14CP 2472,,,
2540132379,10,40,P00231,06.04.2017,99738,12467,0,0,0,0,0,0,12.5,0,0,0,127352.68,15147.68,INR,,,,,MH14CP 2472,,,
2510172371,10,30,P00232,06.04.2017,14821.8,1853,0,0,0,0,0,0,12.5,0,0,0,18925.9,2251.1,INR,,,,,MH14CP 2472,,,
2510172359,10,50,P00233,06.04.2017,8853.5,1107,0,0,0,0,0,0,12.5,0,0,0,11305.17,1344.67,INR,,,,,MH14CP 2472,,,
2510172351,10,48,P00234,06.04.2017,40365.12,5046,0,0,0,0,0,0,12.5,0,0,0,51541.62,6130.5,INR,,,,,MH14CP 2472,,,
2510172330,10,40,P00235,06.04.2017,15199.6,1900,0,0,0,0,0,0,12.5,0,0,0,19408.05,2308.45,INR,,,,,MH14CP 2472,,,
2540131762,10,60,P00236,06.04.2017,13551.6,1694,0,0,0,0,0,0,12.5,0,0,0,17303.76,2058.16,INR,,,,,,,,
2540131777,10,80,P00237,06.04.2017,15501.6,1938,0,0,0,0,0,0,12.5,0,0,0,19793.95,2354.35,INR,,,,,MH14CP 2472,,,
2510172358,10,120,P00238,06.04.2017,24409.2,3051,0,0,0,0,0,0,12.5,0,0,0,31167.33,3707.13,INR,,,,,MH14CP 2472,,,
2540131761,10,40,P00239,06.04.2017,29282.8,3660,0,0,0,0,0,0,12.5,0,0,0,37390.08,4447.28,INR,,,,,MH14CP 2472,,,
2540131761,10,10,P00240,06.04.2017,7320.7,915,0,0,0,0,0,0,12.5,0,0,0,9347.52,1111.82,INR,,,,,MH14CP 2472,,,
2510172347,10,40,P00245,06.04.2017,4606.8,576,0,0,0,0,0,0,12.5,0,0,0,5882.48,699.68,INR,,,,,MH14 CP2472,,,
2540131796,10,161,P00248,07.04.2017,20158.81,2520,0,0,0,0,0,0,12.5,0,0,0,25740.45,3061.64,INR,,,,,,,,
2540132379,10,20,P00249,07.04.2017,49869,6234,0,0,0,0,0,0,12.5,0,0,0,63676.9,7573.9,INR,,,,,MH14CP 2472,,,
2540131761,10,30,P00250,07.04.2017,21962.1,2745,0,0,0,0,0,0,12.5,0,0,0,28042.56,3335.46,INR,,,,,MH14 CP2472,,,
2510172330,10,20,P00251,07.04.2017,7599.8,950,0,0,0,0,0,0,12.5,0,0,0,9704.02,1154.22,INR,,,,,MH14 CP2472,,,
2540131763,10,20,P00252,07.04.2017,7998.4,1000,0,0,0,0,0,0,12.5,0,0,0,10213.18,1214.78,INR,,,,,MH14 CP2472,,,
2510172327,10,48,P00253,07.04.2017,14930.4,1866,0,0,0,0,0,0,12.5,0,0,0,19063.91,2267.51,INR,,,,,MH14 CP2472,,,
2540131774,10,100,P00254,07.04.2017,29952,3744,0,0,0,0,0,0,12.5,0,0,0,38244.96,4548.96,INR,,,,,MH14 CP2472,,,
2510172351,10,24,P00255,07.04.2017,20182.56,2523,0,0,0,0,0,0,12.5,0,0,0,25770.81,3065.25,INR,,,,,MH14 CP2472,,,
2510172365,10,75,P00256,07.04.2017,23605.5,2951,0,0,0,0,0,0,12.5,0,0,0,30141.63,3585.13,INR,,,,,MH14 CP2472,,,
2540140488,10,70,P00257,07.04.2017,18354.7,2294,0,0,0,0,0,0,12.5,0,0,0,23436.27,2787.57,INR,,,,,MH14 CP2472,,,
2540131759,10,36,P00258,07.04.2017,13293.36,1662,0,0,0,0,0,0,12.5,0,0,0,16974.33,2018.97,INR,,,,,MH14 CP2472,,,
2540131755,10,50,P00259,07.04.2017,112775,14097,0,0,0,0,0,0,12.5,0,0,0,143999.72,17127.72,INR,,,,,MH14 CP2472,,,
2540132379,10,60,P00260,07.04.2017,149607,18701,0,0,0,0,0,0,12.5,0,0,0,191029.58,22721.58,INR,,,,,MH14 CP2472,,,
2510172350,10,18,P00261,07.04.2017,29287.62,3661,0,0,0,0,0,0,12.5,0,0,0,37396.68,4448.06,INR,,,,,MH14 CP2472,,,
2510172359,10,50,P00262,07.04.2017,8853.5,1107,0,0,0,0,0,0,12.5,0,0,0,11305.17,1344.67,INR,,,,,MH14 CP2472,,,
2510172347,10,50,P00263,07.04.2017,5758.5,720,0,0,0,0,0,0,12.5,0,0,0,7353.1,874.6,INR,,,,,MH14 CP2472,,,
2540131776,10,16,P00264,07.04.2017,14330.72,1791,0,0,0,0,0,0,12.5,0,0,0,18298.15,2176.43,INR,,,,,MH14 CP2472,,,
2510172351,10,24,P00265,07.04.2017,20182.56,2523,0,0,0,0,0,0,12.5,0,0,0,25770.81,3065.25,INR,,,,,MH14 CP2472,,,
2510172330,10,13,P00266,07.04.2017,4939.87,617,0,0,0,0,0,0,12.5,0,0,0,6307.05,750.18,INR,,,,,MH14 CP2472,,,
2540131769,10,90,P00267,07.04.2017,25878.6,3235,0,0,0,0,0,0,12.5,0,0,0,33043.94,3930.34,INR,,,,,MH14 CP2472,,,
2540131761,10,50,P00268,07.04.2017,36603.5,4575,0,0,0,0,0,0,12.5,0,0,0,46737.6,5559.1,INR,,,,,MH14 CP2472,,,
2540131761,10,10,P00269,07.04.2017,7320.7,915,0,0,0,0,0,0,12.5,0,0,0,9347.52,1111.82,INR,,,,,MH14 CP2472,,,
2540131762,10,30,P00270,07.04.2017,6775.8,847,0,0,0,0,0,0,12.5,0,0,0,8651.88,1029.08,INR,,,,,MH14 CP2472,,,
2540131762,10,30,P00271,07.04.2017,6775.8,847,0,0,0,0,0,0,12.5,0,0,0,8651.88,1029.08,INR,,,,,MH14 CP2472,,,
2540131777,10,40,P00272,07.04.2017,7750.8,969,0,0,0,0,0,0,12.5,0,0,0,9896.97,1177.17,INR,,,,,MH14 CP2472,,,
2540131756,10,25,P00293,07.04.2017,56670.75,7084,0,0,0,0,0,0,12.5,0,0,0,72361.64,8606.89,INR,,,,,MH14 CP2472,,,
2540131756,10,25,P00294,07.04.2017,56670.75,7084,0,0,0,0,0,0,12.5,0,0,0,72361.64,8606.89,INR,,,,,MH14 CP2472,,,
2510172358,10,40,P00302,07.04.2017,8136.4,1017,0,0,0,0,0,0,12.5,0,0,0,10389.11,1235.71,INR,,,,,MH14 CP2472,,,
2530005878,10,200,P00306,07.04.2017,15056,1882,0,0,0,0,0,0,12.5,0,0,0,19224.63,2286.63,INR,,,,,BY TRANSPORT,,,
2530005878,10,300,P00307,07.04.2017,22584,2823,0,0,0,0,0,0,12.5,0,0,0,28836.94,3429.94,INR,,,,,BY TRANSPORT,,,
2510172364,10,96,P00308,07.04.2017,12678.72,1585,0,0,0,0,0,0,12.5,0,0,0,16189.32,1925.6,INR,,,,,BY TRANSPORT,,,
2510172364,10,96,P00309,07.04.2017,12678.72,1585,0,0,0,0,0,0,12.5,0,0,0,16189.32,1925.6,INR,,,,,BY TRANSPORT,,,
2540131755,10,45,P00316,08.04.2017,101497.5,12687,0,0,0,0,0,0,12.5,0,0,0,129599.41,15414.91,INR,,,,,MH14 CP2472,,,
2510172350,10,33,P00317,08.04.2017,53693.97,6712,0,0,0,0,0,0,12.5,0,0,0,68560.78,8154.81,INR,,,,,MH14 CP2472,,,
2510172365,10,75,P00318,08.04.2017,23605.5,2951,0,0,0,0,0,0,12.5,0,0,0,30141.63,3585.13,INR,,,,,MH14 CP2472,,,
2540131763,10,84,P00319,08.04.2017,33593.28,4199,0,0,0,0,0,0,12.5,0,0,0,42894.24,5101.96,INR,,,,,MH14 CP2472,,,
2510172351,10,24,P00320,08.04.2017,20182.56,2523,0,0,0,0,0,0,12.5,0,0,0,25770.81,3065.25,INR,,,,,MH14 CP2472,,,
2540131759,10,36,P00321,08.04.2017,13293.36,1662,0,0,0,0,0,0,12.5,0,0,0,16974.33,2018.97,INR,,,,,MH14 CP2472,,,
2540131774,10,100,P00322,08.04.2017,29952,3744,0,0,0,0,0,0,12.5,0,0,0,38244.96,4548.96,INR,,,,,MH14 CP2472,,,
2540131761,10,30,P00323,08.04.2017,21962.1,2745,0,0,0,0,0,0,12.5,0,0,0,28042.56,3335.46,INR,,,,,MH14 CP2472,,,
2540140488,10,35,P00324,08.04.2017,9177.35,1147,0,0,0,0,0,0,12.5,0,0,0,11718.14,1393.79,INR,,,,,MH14 CP2472,,,
2510172359,10,50,P00325,08.04.2017,8853.5,1107,0,0,0,0,0,0,12.5,0,0,0,11305.17,1344.67,INR,,,,,MH14 CP2472,,,
2510172330,10,20,P00326,08.04.2017,7599.8,950,0,0,0,0,0,0,12.5,0,0,0,9704.02,1154.22,INR,,,,,MH14 CP2472,,,
2540132379,10,50,P00331,08.04.2017,124672.5,15584,0,0,0,0,0,0,12.5,0,0,0,159191.13,18934.63,INR,,,,,MH14 CP2472,,,
2510172330,10,40,P00332,08.04.2017,15199.6,1900,0,0,0,0,0,0,12.5,0,0,0,19408.05,2308.45,INR,,,,,MH14 CP2472,,,
2540131761,10,40,P00333,08.04.2017,29282.8,3660,0,0,0,0,0,0,12.5,0,0,0,37390.08,4447.28,INR,,,,,MH14 CP2472,,,
2510172347,10,50,P00334,08.04.2017,5758.5,720,0,0,0,0,0,0,12.5,0,0,0,7353.1,874.6,INR,,,,,MH14 CP2472,,,
2510172350,10,6,P00335,08.04.2017,9762.54,1220,0,0,0,0,0,0,12.5,0,0,0,12465.18,1482.64,INR,,,,,MH14 CP2472,,,
2540131775,10,25,P00336,08.04.2017,18252.5,2282,0,0,0,0,0,0,12.5,0,0,0,23306.66,2772.16,INR,,,,,MH14 CP2472,,,
2510172358,10,100,P00337,08.04.2017,20341,2543,0,0,0,0,0,0,12.5,0,0,0,25973.34,3089.34,INR,,,,,MH14 CP2472,,,
2540131776,10,48,P00338,08.04.2017,42992.16,5374,0,0,0,0,0,0,12.5,0,0,0,54895.59,6529.43,INR,,,,,MH14 CP2472,,,
2510172351,10,24,P00339,08.04.2017,20182.56,2523,0,0,0,0,0,0,12.5,0,0,0,25770.81,3065.25,INR,,,,,MH14 CP2472,,,
2540131762,10,30,P00340,08.04.2017,6775.8,847,0,0,0,0,0,0,12.5,0,0,0,8651.88,1029.08,INR,,,,,MH14 CP2472,,,
2540131769,10,150,P00341,08.04.2017,43131,5391,0,0,0,0,0,0,12.5,0,0,0,55072.47,6550.47,INR,,,,,MH14 CP2472,,,
2540131755,10,50,P00342,08.04.2017,112775,14097,0,0,0,0,0,0,12.5,0,0,0,143999.72,17127.72,INR,,,,,MH14 CP2472,,,
2540131755,10,50,P00343,08.04.2017,112775,14097,0,0,0,0,0,0,12.5,0,0,0,143999.72,17127.72,INR,,,,,MH14 CP2472,,,
2540132379,10,50,P00344,08.04.2017,124672.5,15584,0,0,0,0,0,0,12.5,0,0,0,159191.13,18934.63,INR,,,,,MH14 CP2472,,,
2540132379,10,25,P00345,08.04.2017,62336.25,7792,0,0,0,0,0,0,12.5,0,0,0,79595.56,9467.31,INR,,,,,MH14 CP2472,,,
2510172330,10,40,P00346,08.04.2017,15199.6,1900,0,0,0,0,0,0,12.5,0,0,0,19408.05,2308.45,INR,,,,,MH14 CP2472,,,
2540131769,10,60,P00347,08.04.2017,17252.4,2157,0,0,0,0,0,0,12.5,0,0,0,22029.67,2620.27,INR,,,,,MH14 CP2472,,,
2540131761,10,10,P00348,08.04.2017,7320.7,915,0,0,0,0,0,0,12.5,0,0,0,9347.52,1111.82,INR,,,,,MH14 CP2472,,,
2540131761,10,10,P00349,08.04.2017,7320.7,915,0,0,0,0,0,0,12.5,0,0,0,9347.52,1111.82,INR,,,,,,,,
2540131761,10,50,P00350,08.04.2017,36603.5,4575,0,0,0,0,0,0,12.5,0,0,0,46737.6,5559.1,INR,,,,,MH14 CP2472,,,
2540131761,10,10,P00393,09.04.2017,7320.7,915,0,0,0,0,0,0,12.5,0,0,0,9347.52,1111.82,INR,,,,,MH14 CP2472,,,
2510172330,10,20,P00394,09.04.2017,7599.8,950,0,0,0,0,0,0,12.5,0,0,0,9704.02,1154.22,INR,,,,,MH14 CP2472,,,
2540132379,10,75,P00395,10.04.2017,187008.75,23376,0,0,0,0,0,0,12.5,0,0,0,238786.69,28401.94,INR,,,,,MH14 CP2472,,,
2540131774,10,100,P00396,10.04.2017,29952,3744,0,0,0,0,0,0,12.5,0,0,0,38244.96,4548.96,INR,,,,,MH14 CP2472,,,
2510172365,10,75,P00397,10.04.2017,23605.5,2951,0,0,0,0,0,0,12.5,0,0,0,30141.63,3585.13,INR,,,,,MH14 CP2472,,,
2540131761,10,20,P00398,10.04.2017,14641.4,1830,0,0,0,0,0,0,12.5,0,0,0,18695.04,2223.64,INR,,,,,MH14 CP2472,,,
2510172358,10,40,P00399,10.04.2017,8136.4,1017,0,0,0,0,0,0,12.5,0,0,0,10389.11,1235.71,INR,,,,,MH14 CP2472,,,
2510172369,10,25,P00400,10.04.2017,3019.75,377,0,0,0,0,0,0,12.5,0,0,0,3855.31,458.56,INR,,,,,MH14 CP2472,,,
2540132379,10,75,P00413,10.04.2017,187008.75,23376,0,0,0,0,0,0,12.5,0,0,0,238786.69,28401.94,INR,,,,,MH14 CP2472,,,
2540131761,10,40,P00414,10.04.2017,29282.8,3660,0,0,0,0,0,0,12.5,0,0,0,37390.08,4447.28,INR,,,,,MH14 CP2472,,,
2510172330,10,40,P00415,10.04.2017,15199.6,1900,0,0,0,0,0,0,12.5,0,0,0,19408.05,2308.45,INR,,,,,MH14 CP2472,,,
2540131769,10,90,P00416,10.04.2017,25878.6,3235,0,0,0,0,0,0,12.5,0,0,0,33043.94,3930.34,INR,,,,,MH14 CP2472,,,
2540131762,10,60,P00417,10.04.2017,13551.6,1694,0,0,0,0,0,0,12.5,0,0,0,17303.76,2058.16,INR,,,,,MH14 CP2472,,,
2510172361,10,60,P00418,10.04.2017,20733,2592,0,0,0,0,0,0,12.5,0,0,0,26473.88,3148.88,INR,,,,,MH14 CP2472,,,
2540131776,10,48,P00419,10.04.2017,42992.16,5374,0,0,0,0,0,0,12.5,0,0,0,54895.59,6529.43,INR,,,,,MH14 CP2472,,,
2510172351,10,48,P00420,10.04.2017,40365.12,5046,0,0,0,0,0,0,12.5,0,0,0,51541.62,6130.5,INR,,,,,MH14 CP2472,,,
2540131797,10,50,P00421,10.04.2017,8853.5,1107,0,0,0,0,0,0,12.5,0,0,0,11305.17,1344.67,INR,,,,,MH14 CP 2472,,,
2540127048,10,10,P00422,10.04.2017,3799.3,475,0,0,0,0,0,0,12.5,0,0,0,4851.33,577.03,INR,,,,,MH14 CP2472,,,
2540127048,10,5,P00423,10.04.2017,1899.65,237,0,0,0,0,0,0,12.5,0,0,0,2425.1,288.45,INR,,,,,MH14 CP2472,,,
2510172358,10,60,P00424,10.04.2017,12204.6,1526,0,0,0,0,0,0,12.5,0,0,0,15584.23,1853.63,INR,,,,,MH14 CP2472,,,
2540131759,10,36,P00425,10.04.2017,13293.36,1662,0,0,0,0,0,0,12.5,0,0,0,16974.33,2018.97,INR,,,,,MH14 CP2472,,,
2540140488,10,35,P00426,10.04.2017,9177.35,1147,0,0,0,0,0,0,12.5,0,0,0,11718.14,1393.79,INR,,,,,MH14 CP2472,,,
2540131755,10,50,P00427,10.04.2017,112775,14097,0,0,0,0,0,0,12.5,0,0,0,143999.72,17127.72,INR,,,,,MH14 CP2472,,,
2510172350,10,24,P00428,10.04.2017,39050.16,4881,0,0,0,0,0,0,12.5,0,0,0,49861.87,5930.71,INR,,,,,MH14 CP2472,,,
2540135675,10,225,P00453,11.04.2017,19908,2488,0,0,0,0,0,0,12.5,0,0,0,25419.46,3023.46,INR,,,,,BY TRANSPORT,,,
2540135675,10,225,P00454,11.04.2017,19908,2488,0,0,0,0,0,0,12.5,0,0,0,25419.46,3023.46,INR,,,,,BY TRANSPORT,,,
2540131755,10,10,P00455,11.04.2017,22555,2819,0,0,0,0,0,0,12.5,0,0,0,28799.49,3425.49,INR,,,,,MH14 CP2472,,,
2540131774,10,100,P00456,11.04.2017,29952,3744,0,0,0,0,0,0,12.5,0,0,0,38244.96,4548.96,INR,,,,,MH14 CP2472,,,
2510172365,10,75,P00457,11.04.2017,23605.5,2951,0,0,0,0,0,0,12.5,0,0,0,30141.63,3585.13,INR,,,,,MH14 CP2472,,,
2540140488,10,35,P00458,11.04.2017,9177.35,1147,0,0,0,0,0,0,12.5,0,0,0,11718.14,1393.79,INR,,,,,MH14 CP2472,,,
2510172350,10,6,P00459,11.04.2017,9762.54,1220,0,0,0,0,0,0,12.5,0,0,0,12465.18,1482.64,INR,,,,,MH14 CP2472,,,
2540131761,10,30,P00460,11.04.2017,21962.1,2745,0,0,0,0,0,0,12.5,0,0,0,28042.56,3335.46,INR,,,,,MH14 CP2472,,,
2540131762,10,30,P00461,11.04.2017,6775.8,847,0,0,0,0,0,0,12.5,0,0,0,8651.88,1029.08,INR,,,,,MH14 CP2472,,,
2510172330,10,20,P00462,11.04.2017,7599.8,950,0,0,0,0,0,0,12.5,0,0,0,9704.02,1154.22,INR,,,,,MH14 CP2472,,,
2540131769,10,150,P00463,11.04.2017,43131,5391,0,0,0,0,0,0,12.5,0,0,0,55072.47,6550.47,INR,,,,,MH14 CP2472,,,
2540132379,10,50,P00470,11.04.2017,124672.5,15584,0,0,0,0,0,0,12.5,0,0,0,159191.13,18934.63,INR,,,,,MH14 CP2472,,,
2540132379,10,25,P00471,11.04.2017,62336.25,7792,0,0,0,0,0,0,12.5,0,0,0,79595.56,9467.31,INR,,,,,MH14 CP2472,,,
2540131761,10,80,P00472,11.04.2017,58565.6,7321,0,0,0,0,0,0,12.5,0,0,0,74781.29,8894.69,INR,,,,,MH14 CP2472,,,
2510172361,10,30,P00473,11.04.2017,10366.5,1296,0,0,0,0,0,0,12.5,0,0,0,13236.94,1574.44,INR,,,,,MH14 CP2472,,,
2510172330,10,60,P00474,11.04.2017,22799.4,2850,0,0,0,0,0,0,12.5,0,0,0,29112.07,3462.67,INR,,,,,MH14 CP2472,,,
2540131776,10,40,P00475,11.04.2017,35826.8,4478,0,0,0,0,0,0,12.5,0,0,0,45745.95,5441.15,INR,,,,,MH14 CP2472,,,
2510172351,10,40,P00476,11.04.2017,33637.6,4205,0,0,0,0,0,0,12.5,0,0,0,42951.35,5108.75,INR,,,,,MH14 CP2472,,,
2510172313,10,32,P00477,11.04.2017,8815.36,1102,0,0,0,0,0,0,12.5,0,0,0,11256.2,1338.84,INR,,,,,MH14 CP2472,,,
2540131762,10,90,P00478,11.04.2017,20327.4,2541,0,0,0,0,0,0,12.5,0,0,0,25955.63,3087.23,INR,,,,,MH14 CP2472,,,
2540127048,10,5,P00479,11.04.2017,1899.65,237,0,0,0,0,0,0,12.5,0,0,0,2425.1,288.45,INR,,,,,MH14 CP2472,,,
2510172350,10,30,P00480,11.04.2017,48812.7,6102,0,0,0,0,0,0,12.5,0,0,0,62328.18,7413.48,INR,,,,,MH14 CP2472,,,
2540131755,10,25,P00481,11.04.2017,56387.5,7048,0,0,0,0,0,0,12.5,0,0,0,71999.29,8563.79,INR,,,,,MH14 CP2472,,,
2540131755,10,25,P00482,11.04.2017,56387.5,7048,0,0,0,0,0,0,12.5,0,0,0,71999.29,8563.79,INR,,,,,MH14 CP2472,,,
2540131755,10,25,P00483,11.04.2017,56387.5,7048,0,0,0,0,0,0,12.5,0,0,0,71999.29,8563.79,INR,,,,,MH14 CP2472,,,
2510172368,10,10,P00484,11.04.2017,1572.1,197,0,0,0,0,0,0,12.5,0,0,0,2007.93,238.83,INR,,,,,MH14 CP2472,,,
2540132379,10,25,P00512,12.04.2017,62336.25,7792,0,0,0,0,0,0,12.5,0,0,0,79595.56,9467.31,INR,,,,,MH14 CP2472,,,
2540132379,10,25,P00513,12.04.2017,62336.25,7792,0,0,0,0,0,0,12.5,0,0,0,79595.56,9467.31,INR,,,,,MH14 CP2472,,,
2510172330,10,80,P00514,12.04.2017,30399.2,3800,0,0,0,0,0,0,12.5,0,0,0,38816.09,4616.89,INR,,,,,MH14 CP2472,,,
2540131761,10,80,P00515,12.04.2017,58565.6,7321,0,0,0,0,0,0,12.5,0,0,0,74781.29,8894.69,INR,,,,,MH14 CP2472,,,
2540131761,10,20,P00516,12.04.2017,14641.4,1830,0,0,0,0,0,0,12.5,0,0,0,18695.04,2223.64,INR,,,,,MH14 CP2472,,,
2540131762,10,60,P00517,12.04.2017,13551.6,1694,0,0,0,0,0,0,12.5,0,0,0,17303.76,2058.16,INR,,,,,MH14 CP2472,,,
2510172351,10,56,P00518,12.04.2017,47092.64,5887,0,0,0,0,0,0,12.5,0,0,0,60131.89,7152.25,INR,,,,,MH14 CP2472,,,
2540131797,10,50,P00519,12.04.2017,8853.5,1107,0,0,0,0,0,0,12.5,0,0,0,11305.17,1344.67,INR,,,,,MH14 CP2472,,,
2510172350,10,24,P00520,12.04.2017,39050.16,4881,0,0,0,0,0,0,12.5,0,0,0,49861.87,5930.71,INR,,,,,MH14 CP2472,,,
2510172365,10,75,P00521,12.04.2017,23605.5,2951,0,0,0,0,0,0,12.5,0,0,0,30141.63,3585.13,INR,,,,,MH14 CP2472,,,
2540131774,10,100,P00522,12.04.2017,29952,3744,0,0,0,0,0,0,12.5,0,0,0,38244.96,4548.96,INR,,,,,MH14 CP2472,,,
2540136041,10,50,P00523,12.04.2017,7525,941,0,0,0,0,0,0,12.5,0,0,0,9608.91,1142.91,INR,,,,,MH14 CP2472,,,
2540132379,10,50,P00545,13.04.2017,124672.5,15584,0,0,0,0,0,0,12.5,0,0,0,159191.13,18934.63,INR,,,,,MH14 CP2472,,,
2540132379,10,25,P00546,13.04.2017,62336.25,7792,0,0,0,0,0,0,12.5,0,0,0,79595.56,9467.31,INR,,,,,MH14 CP2472,,,
2540131761,10,60,P00547,13.04.2017,43924.2,5491,0,0,0,0,0,0,12.5,0,0,0,56086.25,6671.05,INR,,,,,MH14 CP2472,,,
2510172351,10,56,P00548,13.04.2017,47092.64,5887,0,0,0,0,0,0,12.5,0,0,0,60131.89,7152.25,INR,,,,,MH14 CP2472,,,
2510172365,10,100,P00549,13.04.2017,31474,3934,0,0,0,0,0,0,12.5,0,0,0,40188.08,4780.08,INR,,,,,MH14 CP2472,,,
2540131797,10,50,P00550,13.04.2017,8853.5,1107,0,0,0,0,0,0,12.5,0,0,0,11305.17,1344.67,INR,,,,,MH14 CP2472,,,
2510172373,10,30,P00551,13.04.2017,6681.3,835,0,0,0,0,0,0,12.5,0,0,0,8531,1014.7,INR,,,,,MH14 CP2472,,,
2510172350,10,6,P00552,13.04.2017,9762.54,1220,0,0,0,0,0,0,12.5,0,0,0,12465.18,1482.64,INR,,,,,MH14 CP2472,,,
2540131777,10,40,P00553,13.04.2017,7750.8,969,0,0,0,0,0,0,12.5,0,0,0,9896.97,1177.17,INR,,,,,MH14 CP2472,,,
2540131774,10,100,P00554,13.04.2017,29952,3744,0,0,0,0,0,0,12.5,0,0,0,38244.96,4548.96,INR,,,,,MH14 CP2472,,,
2510172330,10,80,P00555,13.04.2017,30399.2,3800,0,0,0,0,0,0,12.5,0,0,0,38816.09,4616.89,INR,,,,,MH14 CP2472,,,
2540131762,10,30,P00556,13.04.2017,6775.8,847,0,0,0,0,0,0,12.5,0,0,0,8651.88,1029.08,INR,,,,,MH14 CP2472,,,
2540140488,10,35,P00557,13.04.2017,9177.35,1147,0,0,0,0,0,0,12.5,0,0,0,11718.14,1393.79,INR,,,,,MH14 CP2472,,,
2510172361,10,60,P00558,13.04.2017,20733,2592,0,0,0,0,0,0,12.5,0,0,0,26473.88,3148.88,INR,,,,,MH14 CP2472,,,
2540131759,10,36,P00559,13.04.2017,13293.36,1662,0,0,0,0,0,0,12.5,0,0,0,16974.33,2018.97,INR,,,,,MH14 CP2472,,,
2510172313,10,32,P00560,13.04.2017,8815.36,1102,0,0,0,0,0,0,12.5,0,0,0,11256.2,1338.84,INR,,,,,MH14 CP2472,,,
2540131762,10,30,P00589,14.04.2017,6775.8,847,0,0,0,0,0,0,12.5,0,0,0,8651.88,1029.08,INR,,,,,MH14 CP2472,,,
2510172372,10,40,P00590,14.04.2017,14033.6,1754,0,0,0,0,0,0,12.5,0,0,0,17918.93,2131.33,INR,,,,,MH14 CP2472,,,
2540131761,10,40,P00591,14.04.2017,29282.8,3660,0,0,0,0,0,0,12.5,0,0,0,37390.08,4447.28,INR,,,,,MH14 CP2472,,,
2510172330,10,40,P00592,14.04.2017,15199.6,1900,0,0,0,0,0,0,12.5,0,0,0,19408.05,2308.45,INR,,,,,MH14 CP2472,,,
2510172361,10,30,P00593,14.04.2017,10366.5,1296,0,0,0,0,0,0,12.5,0,0,0,13236.94,1574.44,INR,,,,,MH14 CP2472,,,
2540131774,10,100,P00594,14.04.2017,29952,3744,0,0,0,0,0,0,12.5,0,0,0,38244.96,4548.96,INR,,,,,MH14 CP2472,,,
2510172365,10,50,P00595,14.04.2017,15737,1967,0,0,0,0,0,0,12.5,0,0,0,20094.04,2390.04,INR,,,,,MH14 CP2472,,,
2510172358,10,33,P00596,14.04.2017,6712.53,839,0,0,0,0,0,0,12.5,0,0,0,8570.99,1019.46,INR,,,,,MH14 CP2472,,,
2510172365,10,50,P00597,14.04.2017,15737,1967,0,0,0,0,0,0,12.5,0,0,0,20094.04,2390.04,INR,,,,,MH14 CP2472,,,
2540131761,10,70,P00599,14.04.2017,51244.9,6406,0,0,0,0,0,0,12.5,0,0,0,65433.77,7782.87,INR,,,,,MH14 CP2472,,,
2510172330,10,40,P00600,14.04.2017,15199.6,1900,0,0,0,0,0,0,12.5,0,0,0,19408.05,2308.45,INR,,,,,MH14 CP2472,,,
2540131762,10,60,P00601,14.04.2017,13551.6,1694,0,0,0,0,0,0,12.5,0,0,0,17303.76,2058.16,INR,,,,,MH14 CP2472,,,
2540131797,10,50,P00602,14.04.2017,8853.5,1107,0,0,0,0,0,0,12.5,0,0,0,11305.17,1344.67,INR,,,,,MH14 CP2472,,,
2510172351,10,56,P00603,14.04.2017,47092.64,5887,0,0,0,0,0,0,12.5,0,0,0,60131.89,7152.25,INR,,,,,MH14 CP2472,,,
2510172327,10,72,P00604,14.04.2017,22395.6,2799,0,0,0,0,0,0,12.5,0,0,0,28595.87,3401.27,INR,,,,,MH14 CP2472,,,
2510172358,10,60,P00605,14.04.2017,12204.6,1526,0,0,0,0,0,0,12.5,0,0,0,15584.23,1853.63,INR,,,,,MH14 CP2472,,,
2510172358,10,40,P00606,14.04.2017,8136.4,1017,0,0,0,0,0,0,12.5,0,0,0,10389.11,1235.71,INR,,,,,MH14 CP2472,,,
2510172361,10,30,P00607,14.04.2017,10366.5,1296,0,0,0,0,0,0,12.5,0,0,0,13236.94,1574.44,INR,,,,,MH14 CP2472,,,
2540132379,10,25,P00608,14.04.2017,62336.25,7792,0,0,0,0,0,0,12.5,0,0,0,79595.56,9467.31,INR,,,,,MH14 CP2472,,,
2540131769,10,90,P00609,14.04.2017,25878.6,3235,0,0,0,0,0,0,12.5,0,0,0,33043.94,3930.34,INR,,,,,MH14 CP2472,,,
2540132379,10,50,P00610,14.04.2017,124672.5,15584,0,0,0,0,0,0,12.5,0,0,0,159191.13,18934.63,INR,,,,,MH14 CP2472,,,
2540132379,10,50,P00611,14.04.2017,124672.5,15584,0,0,0,0,0,0,12.5,0,0,0,159191.13,18934.63,INR,,,,,MH14 CP2472,,,
2540131755,10,50,P00612,14.04.2017,112775,14097,0,0,0,0,0,0,12.5,0,0,0,143999.72,17127.72,INR,,,,,MH14 CP2472,,,
2540131774,10,100,P00645,15.04.2017,29952,3744,0,0,0,0,0,0,12.5,0,0,0,38244.96,4548.96,INR,,,,,MH14 CP2472,,,
2510172365,10,50,P00646,15.04.2017,15737,1967,0,0,0,0,0,0,12.5,0,0,0,20094.04,2390.04,INR,,,,,MH14 CP2472,,,
2510172343,10,21,P00647,15.04.2017,3871.56,484,0,0,0,0,0,0,12.5,0,0,0,4943.56,588,INR,,,,,MH14 CP2472,,,
2510172358,10,60,P00648,15.04.2017,12204.6,1526,0,0,0,0,0,0,12.5,0,0,0,15584.23,1853.63,INR,,,,,MH14 CP2472,,,
2540131769,10,90,P00649,15.04.2017,25878.6,3235,0,0,0,0,0,0,12.5,0,0,0,33043.94,3930.34,INR,,,,,MH14 CP2472,,,
2510172330,10,40,P00650,15.04.2017,15199.6,1900,0,0,0,0,0,0,12.5,0,0,0,19408.05,2308.45,INR,,,,,MH14 CP2472,,,
2510172358,10,60,P00651,15.04.2017,12204.6,1526,0,0,0,0,0,0,12.5,0,0,0,15584.23,1853.63,INR,,,,,MH14 CP2472,,,
2540131755,10,25,P00652,15.04.2017,56387.5,7048,0,0,0,0,0,0,12.5,0,0,0,71999.29,8563.79,INR,,,,,MH14 CP2472,,,
2540131761,10,70,P00653,15.04.2017,51244.9,6406,0,0,0,0,0,0,12.5,0,0,0,65433.77,7782.87,INR,,,,,MH14 CP2472,,,
2510172330,10,20,P00654,15.04.2017,7599.8,950,0,0,0,0,0,0,12.5,0,0,0,9704.02,1154.22,INR,,,,,MH14 CP2472,,,
2540127048,10,20,P00655,15.04.2017,7598.6,950,0,0,0,0,0,0,12.5,0,0,0,9702.66,1154.06,INR,,,,,MH14 CP2472,,,
2540131797,10,35,P00656,15.04.2017,6197.45,775,0,0,0,0,0,0,12.5,0,0,0,7913.73,941.28,INR,,,,,MH14 CP2472,,,
2540131775,10,20,P00657,15.04.2017,14602,1825,0,0,0,0,0,0,12.5,0,0,0,18644.64,2217.64,INR,,,,,MH14 CP2472,,,
2510172350,10,21,P00658,15.04.2017,34168.89,4271,0,0,0,0,0,0,12.5,0,0,0,43629.28,5189.39,INR,,,,,MH14 CP2472,,,
2510172361,10,60,P00659,15.04.2017,20733,2592,0,0,0,0,0,0,12.5,0,0,0,26473.88,3148.88,INR,,,,,MH14 CP2472,,,
2540131762,10,30,P00660,15.04.2017,6775.8,847,0,0,0,0,0,0,12.5,0,0,0,8651.88,1029.08,INR,,,,,MH14 CP2472,,,
2540131755,10,50,P00661,15.04.2017,112775,14097,0,0,0,0,0,0,12.5,0,0,0,143999.72,17127.72,INR,,,,,MH14 CP2472,,,
2540131755,10,50,P00662,15.04.2017,112775,14097,0,0,0,0,0,0,12.5,0,0,0,143999.72,17127.72,INR,,,,,MH14 CP2472,,,
2540132379,10,50,P00663,15.04.2017,124672.5,15584,0,0,0,0,0,0,12.5,0,0,0,159191.13,18934.63,INR,,,,,MH14 CP2472,,,
2540132379,10,50,P00664,15.04.2017,124672.5,15584,0,0,0,0,0,0,12.5,0,0,0,159191.13,18934.63,INR,,,,,MH14 CP2472,,,
2540135675,10,225,P00687,15.04.2017,19908,2488,0,0,0,0,0,0,12.5,0,0,0,25419.46,3023.46,INR,,,,,BY TRANSPORT,,,
2540135675,10,225,P00688,15.04.2017,19908,2488,0,0,0,0,0,0,12.5,0,0,0,25419.46,3023.46,INR,,,,,BY TRANSPORT,,,
2510172364,10,96,P00689,15.04.2017,12678.72,1585,0,0,0,0,0,0,12.5,0,0,0,16189.32,1925.6,INR,,,,,BY TRANSPORT,,,
2510172364,10,96,P00690,15.04.2017,12678.72,1585,0,0,0,0,0,0,12.5,0,0,0,16189.32,1925.6,INR,,,,,BY TRANSPORT,,,
2510172351,10,56,P00712,15.04.2017,47092.64,5887,0,0,0,0,0,0,12.5,0,0,0,60131.89,7152.25,INR,,,,,MH14 FT0838,,,
2540131761,10,80,P00713,16.04.2017,58565.6,7321,0,0,0,0,0,0,12.5,0,0,0,74781.29,8894.69,INR,,,,,MH14 CP2472,,,
2510172330,10,20,P00714,16.04.2017,7599.8,950,0,0,0,0,0,0,12.5,0,0,0,9704.02,1154.22,INR,,,,,MH14 CP2472,,,
2540131762,10,90,P00715,16.04.2017,20327.4,2541,0,0,0,0,0,0,12.5,0,0,0,25955.63,3087.23,INR,,,,,MH14 CP2472,,,
2540131755,10,25,P00716,17.04.2017,56387.5,7048,0,0,0,0,0,0,12.5,0,0,0,71999.29,8563.79,INR,,,,,MH14 CP2472,,,
2540131765,10,50,P00717,17.04.2017,110943.5,13868,0,0,0,0,0,0,12.5,0,0,0,141661.05,16849.55,INR,,,,,MH14 CP2472,,,
2540131774,10,60,P00718,17.04.2017,17971.2,2246,0,0,0,0,0,0,12.5,0,0,0,22946.52,2729.32,INR,,,,,MH14 CP2472,,,
2510172358,10,40,P00719,17.04.2017,8136.4,1017,0,0,0,0,0,0,12.5,0,0,0,10389.11,1235.71,INR,,,,,MH14 CP2472,,,
2540131776,10,16,P00720,17.04.2017,14330.72,1791,0,0,0,0,0,0,12.5,0,0,0,18298.15,2176.43,INR,,,,,MH14 CP2472,,,
2540131758,10,20,P00721,17.04.2017,7120.8,890,0,0,0,0,0,0,12.5,0,0,0,9092.26,1081.46,INR,,,,,MH14 CP2472,,,
2510172372,10,40,P00722,17.04.2017,14033.6,1754,0,0,0,0,0,0,12.5,0,0,0,17918.93,2131.33,INR,,,,,MH14 CP2472,,,
2510172347,10,30,P00723,17.04.2017,3455.1,432,0,0,0,0,0,0,12.5,0,0,0,4411.86,524.76,INR,,,,,MH14 CP2472,,,
2510172365,10,50,P00724,17.04.2017,15737,1967,0,0,0,0,0,0,12.5,0,0,0,20094.04,2390.04,INR,,,,,MH14 CP2472,,,
2510172327,10,24,P00725,17.04.2017,7465.2,933,0,0,0,0,0,0,12.5,0,0,0,9531.96,1133.76,INR,,,,,MH14 CP2472,,,
2540131763,10,40,P00726,17.04.2017,15996.8,2000,0,0,0,0,0,0,12.5,0,0,0,20426.37,2429.57,INR,,,,,MH14 CP2472,,,
2540131758,10,5,P00727,17.04.2017,1780.2,223,0,0,0,0,0,0,12.5,0,0,0,2273.63,270.43,INR,,,,,MH14 CP2472,,,
2540132379,10,50,P00728,17.04.2017,124672.5,15584,0,0,0,0,0,0,12.5,0,0,0,159191.13,18934.63,INR,,,,,MH14 CP2472,,,
2540132379,10,50,P00729,17.04.2017,124672.5,15584,0,0,0,0,0,0,12.5,0,0,0,159191.13,18934.63,INR,,,,,MH14 CP2472,,,
2540131761,10,50,P00730,17.04.2017,36603.5,4575,0,0,0,0,0,0,12.5,0,0,0,46737.6,5559.1,INR,,,,,MH14 CP2472,,,
2540131761,10,50,P00731,17.04.2017,36603.5,4575,0,0,0,0,0,0,12.5,0,0,0,46737.6,5559.1,INR,,,,,MH14 CP2472,,,
2540127048,10,20,P00732,17.04.2017,7598.6,950,0,0,0,0,0,0,12.5,0,0,0,9702.66,1154.06,INR,,,,,MH14 CP2472,,,
2540131769,10,90,P00733,17.04.2017,25878.6,3235,0,0,0,0,0,0,12.5,0,0,0,33043.94,3930.34,INR,,,,,MH14 CP2472,,,
2540131762,10,30,P00734,17.04.2017,6775.8,847,0,0,0,0,0,0,12.5,0,0,0,8651.88,1029.08,INR,,,,,MH14 CP2472,,,
2540131755,10,25,P00746,17.04.2017,56387.5,7048,0,0,0,0,0,0,12.5,0,0,0,71999.29,8563.79,INR,,,,,MH14 CP2472,,,
2510172351,10,40,P00747,17.04.2017,33637.6,4205,0,0,0,0,0,0,12.5,0,0,0,42951.35,5108.75,INR,,,,,MH14 CP2472,,,
2510172358,10,60,P00748,17.04.2017,12204.6,1526,0,0,0,0,0,0,12.5,0,0,0,15584.23,1853.63,INR,,,,,MH14 CP2472,,,
2540131775,10,20,P00749,17.04.2017,14602,1825,0,0,0,0,0,0,12.5,0,0,0,18644.64,2217.64,INR,,,,,MH14 CP2472,,,
2510172347,10,30,P00754,17.04.2017,3455.1,432,0,0,0,0,0,0,12.5,0,0,0,4411.86,524.76,INR,,,,,MH14 CP2472,,,
2540131755,10,25,P00755,18.04.2017,56387.5,7048,0,0,0,0,0,0,12.5,0,0,0,71999.29,8563.79,INR,,,,,MH14 CP2472,,,
2540131774,10,60,P00756,18.04.2017,17971.2,2246,0,0,0,0,0,0,12.5,0,0,0,22946.52,2729.32,INR,,,,,MH14 CP2472,,,
2540131769,10,90,P00757,18.04.2017,25878.6,3235,0,0,0,0,0,0,12.5,0,0,0,33043.94,3930.34,INR,,,,,MH14 CP2472,,,
2510172372,10,30,P00758,18.04.2017,10525.2,1316,0,0,0,0,0,0,12.5,0,0,0,13439.76,1598.56,INR,,,,,MH14 CP2472,,,
2510172373,10,50,P00759,18.04.2017,11135.5,1392,0,0,0,0,0,0,12.5,0,0,0,14218.71,1691.21,INR,,,,,MH14 CP2472,,,
2540131758,10,20,P00760,18.04.2017,7120.8,890,0,0,0,0,0,0,12.5,0,0,0,9092.26,1081.46,INR,,,,,MH14 CP2472,,,
2540131765,10,25,P00761,18.04.2017,55471.75,6934,0,0,0,0,0,0,12.5,0,0,0,70830.53,8424.78,INR,,,,,MH14 CP2472,,,
2540131770,10,18,P00762,18.04.2017,9713.7,1214,0,0,0,0,0,0,12.5,0,0,0,12402.94,1475.24,INR,,,,,MH14 CP2472,,,
2540131765,10,75,P00764,18.04.2017,166415.25,20802,0,0,0,0,0,0,12.5,0,0,0,212491.58,25274.33,INR,,,,,MH14 CP2472,,,
2540132379,10,50,P00765,18.04.2017,124672.5,15584,0,0,0,0,0,0,12.5,0,0,0,159191.13,18934.63,INR,,,,,MH14 CP2472,,,
2540131758,10,40,P00766,18.04.2017,14241.6,1780,0,0,0,0,0,0,12.5,0,0,0,18184.52,2162.92,INR,,,,,MH14 CP2472,,,
2510172330,10,38,P00767,18.04.2017,14439.62,1805,0,0,0,0,0,0,12.5,0,0,0,18437.64,2193.02,INR,,,,,MH14 CP2472,,,
2540131762,10,27,P00768,18.04.2017,6098.22,762,0,0,0,0,0,0,12.5,0,0,0,7786.35,926.13,INR,,,,,MH14 CP2472,,,
2540127048,10,20,P00769,18.04.2017,7598.6,950,0,0,0,0,0,0,12.5,0,0,0,9702.66,1154.06,INR,,,,,MH14 CP2472,,,
2540131797,10,20,P00770,18.04.2017,3541.4,443,0,0,0,0,0,0,12.5,0,0,0,4522.29,537.89,INR,,,,,MH14 CP2472,,,
2510172351,10,40,P00771,18.04.2017,33637.6,4205,0,0,0,0,0,0,12.5,0,0,0,42951.35,5108.75,INR,,,,,MH14 CP2472,,,
2510172358,10,40,P00772,18.04.2017,8136.4,1017,0,0,0,0,0,0,12.5,0,0,0,10389.11,1235.71,INR,,,,,MH14 CP2472,,,
2540131775,10,30,P00773,18.04.2017,21903,2738,0,0,0,0,0,0,12.5,0,0,0,27967.54,3326.54,INR,,,,,MH14 CP2472,,,
2540132379,10,50,P00774,18.04.2017,124672.5,15584,0,0,0,0,0,0,12.5,0,0,0,159191.13,18934.63,INR,,,,,MH14 CP2472,,,
2540131777,10,40,P00775,18.04.2017,7750.8,969,0,0,0,0,0,0,12.5,0,0,0,9896.97,1177.17,INR,,,,,MH14 CP2472,,,
2540131755,10,50,P00792,19.04.2017,112775,14097,0,0,0,0,0,0,12.5,0,0,0,143999.72,17127.72,INR,,,,,MH14 CP2472,,,
2540131765,10,25,P00793,19.04.2017,55471.75,6934,0,0,0,0,0,0,12.5,0,0,0,70830.53,8424.78,INR,,,,,MH14 CP2472,,,
2540131774,10,60,P00794,19.04.2017,17971.2,2246,0,0,0,0,0,0,12.5,0,0,0,22946.52,2729.32,INR,,,,,MH14 CP2472,,,
2510172358,10,40,P00795,19.04.2017,8136.4,1017,0,0,0,0,0,0,12.5,0,0,0,10389.11,1235.71,INR,,,,,MH14 CP2472,,,
2510172351,10,48,P00796,19.04.2017,40365.12,5046,0,0,0,0,0,0,12.5,0,0,0,51541.62,6130.5,INR,,,,,MH14 CP2472,,,
2540131769,10,90,P00797,19.04.2017,25878.6,3235,0,0,0,0,0,0,12.5,0,0,0,33043.94,3930.34,INR,,,,,MH14 CP2472,,,
2540136041,10,20,P00798,19.04.2017,3010,376,0,0,0,0,0,0,12.5,0,0,0,3843.11,457.11,INR,,,,,MH14 CP2472,,,
2510172372,10,30,P00799,19.04.2017,10525.2,1316,0,0,0,0,0,0,12.5,0,0,0,13439.76,1598.56,INR,,,,,MH14 CP2472,,,
2540126812,10,60,P00800,19.04.2017,27708,3464,0,0,0,0,0,0,12.5,0,0,0,35380.22,4208.22,INR,,,,,MH14 CP2472,,,
2540131765,10,50,P00821,19.04.2017,110943.5,13868,0,0,0,0,0,0,12.5,0,0,0,141661.05,16849.55,INR,,,,,MH14 CP2472,,,
2540132379,10,50,P00822,19.04.2017,124672.5,15584,0,0,0,0,0,0,12.5,0,0,0,159191.13,18934.63,INR,,,,,MH14 CP2472,,,
2510172330,10,40,P00823,19.04.2017,15199.6,1900,0,0,0,0,0,0,12.5,0,0,0,19408.05,2308.45,INR,,,,,MH14 CP2472,,,
2540127048,10,20,P00824,19.04.2017,7598.6,950,0,0,0,0,0,0,12.5,0,0,0,9702.66,1154.06,INR,,,,,MH14 CP2472,,,
2540131775,10,15,P00825,19.04.2017,10951.5,1369,0,0,0,0,0,0,12.5,0,0,0,13983.77,1663.27,INR,,,,,MH14 CP2472,,,
2540131775,10,5,P00826,19.04.2017,3650.5,456,0,0,0,0,0,0,12.5,0,0,0,4660.88,554.38,INR,,,,,MH14 CP2472,,,
2540131769,10,60,P00827,19.04.2017,17252.4,2157,0,0,0,0,0,0,12.5,0,0,0,22029.67,2620.27,INR,,,,,MH14 CP2472,,,
2510172358,10,20,P00828,19.04.2017,4068.2,509,0,0,0,0,0,0,12.5,0,0,0,5195.12,617.92,INR,,,,,MH14 CP2472,,,
2540131777,10,40,P00829,19.04.2017,7750.8,969,0,0,0,0,0,0,12.5,0,0,0,9896.97,1177.17,INR,,,,,MH14 CP2472,,,
2540132379,10,30,P00856,20.04.2017,74803.5,9350,0,0,0,0,0,0,12.5,0,0,0,95514.22,11360.72,INR,,,,,MH14 CP2472,,,
2540131765,10,25,P00857,20.04.2017,55471.75,6934,0,0,0,0,0,0,12.5,0,0,0,70830.53,8424.78,INR,,,,,MH14 CP2472,,,
2540131774,10,80,P00858,20.04.2017,23961.6,2995,0,0,0,0,0,0,12.5,0,0,0,30595.74,3639.14,INR,,,,,MH14 CP2472,,,
2510172351,10,56,P00859,20.04.2017,47092.64,5887,0,0,0,0,0,0,12.5,0,0,0,60131.89,7152.25,INR,,,,,MH14 CP2472,,,
2510172365,10,50,P00860,20.04.2017,15737,1967,0,0,0,0,0,0,12.5,0,0,0,20094.04,2390.04,INR,,,,,MH14 CP2472,,,
2510172372,10,45,P00861,20.04.2017,15787.8,1973,0,0,0,0,0,0,12.5,0,0,0,20158.51,2397.71,INR,,,,,MH14 CP2472,,,
2540126812,10,40,P00862,20.04.2017,18472,2309,0,0,0,0,0,0,12.5,0,0,0,23586.44,2805.44,INR,,,,,MH14 CP2472,,,
2540126813,10,32,P00863,20.04.2017,17672.64,2209,0,0,0,0,0,0,12.5,0,0,0,22565.66,2684.02,INR,,,,,MH14 CP2472,,,
2510172358,10,60,P00864,20.04.2017,12204.6,1526,0,0,0,0,0,0,12.5,0,0,0,15584.23,1853.63,INR,,,,,MH14 CP2472,,,
2540131755,10,80,P00876,20.04.2017,180440,22555,0,0,0,0,0,0,12.5,0,0,0,230399.32,27404.32,INR,,,,,MH14 CP2472,,,
2540131759,10,36,P00877,20.04.2017,13293.36,1662,0,0,0,0,0,0,12.5,0,0,0,16974.33,2018.97,INR,,,,,MH14 CP2472,,,
2540127048,10,40,P00878,20.04.2017,15197.2,1900,0,0,0,0,0,0,12.5,0,0,0,19405.32,2308.12,INR,,,,,MH14 CP2472,,,
2510172330,10,20,P00879,20.04.2017,7599.8,950,0,0,0,0,0,0,12.5,0,0,0,9704.02,1154.22,INR,,,,,MH14 CP2472,,,
2510172371,10,40,P00880,20.04.2017,19762.4,2470,0,0,0,0,0,0,12.5,0,0,0,25233.77,3001.37,INR,,,,,MH14 CP2472,,,
2540131775,10,20,P00881,20.04.2017,14602,1825,0,0,0,0,0,0,12.5,0,0,0,18644.64,2217.64,INR,,,,,MH14 CP2472,,,
2510172365,10,50,P00882,20.04.2017,15737,1967,0,0,0,0,0,0,12.5,0,0,0,20094.04,2390.04,INR,,,,,MH14 CP2472,,,
2510172358,10,80,P00890,20.04.2017,16272.8,2034,0,0,0,0,0,0,12.5,0,0,0,20778.22,2471.42,INR,,,,,MH14 CP2472,,,
2540132379,10,50,P00891,21.04.2017,124672.5,15584,0,0,0,0,0,0,12.5,0,0,0,159191.13,18934.63,INR,,,,,MH14 CP2472,,,
2540132379,10,50,P00892,21.04.2017,124672.5,15584,0,0,0,0,0,0,12.5,0,0,0,159191.13,18934.63,INR,,,,,MH14 CP2472,,,
2540131774,10,80,P00893,21.04.2017,23961.6,2995,0,0,0,0,0,0,12.5,0,0,0,30595.74,3639.14,INR,,,,,MH14 CP2472,,,
2510172357,10,100,P00894,21.04.2017,24859,3107,0,0,0,0,0,0,12.5,0,0,0,31741.41,3775.41,INR,,,,,MH14 CP2472,,,
2540140488,10,50,P00895,21.04.2017,13110.5,1639,0,0,0,0,0,0,12.5,0,0,0,16740.68,1991.18,INR,,,,,MH14 CP2472,,,
2510172358,10,20,P00896,21.04.2017,4068.2,509,0,0,0,0,0,0,12.5,0,0,0,5195.12,617.92,INR,,,,,MH14 CP2472,,,
2510172330,10,20,P00897,21.04.2017,7599.8,950,0,0,0,0,0,0,12.5,0,0,0,9704.02,1154.22,INR,,,,,MH14 CP2472,,,
2540131769,10,90,P00898,21.04.2017,25878.6,3235,0,0,0,0,0,0,12.5,0,0,0,33043.94,3930.34,INR,,,,,MH14 CP2472,,,
2540135675,10,225,P00903,21.04.2017,19908,2488,0,0,0,0,0,0,12.5,0,0,0,25419.46,3023.46,INR,,,,,BY TRANSPORT,,,
2540135675,10,225,P00904,21.04.2017,19908,2488,0,0,0,0,0,0,12.5,0,0,0,25419.46,3023.46,INR,,,,,BY TRANSPORT,,,
2540131755,10,80,P00914,21.04.2017,180440,22555,0,0,0,0,0,0,12.5,0,0,0,230399.32,27404.32,INR,,,,,MH14 CP2472,,,
2540131761,10,100,P00915,21.04.2017,73207,9151,0,0,0,0,0,0,12.5,0,0,0,93476.33,11118.33,INR,,,,,MH14 CP2472,,,
2510172351,10,56,P00916,21.04.2017,47092.64,5887,0,0,0,0,0,0,12.5,0,0,0,60131.89,7152.25,INR,,,,,MH14 CP2472,,,
2540127048,10,20,P00917,21.04.2017,7598.6,950,0,0,0,0,0,0,12.5,0,0,0,9702.66,1154.06,INR,,,,,MH14 CP2472,,,
2510172330,10,20,P00918,21.04.2017,7599.8,950,0,0,0,0,0,0,12.5,0,0,0,9704.02,1154.22,INR,,,,,MH14 CP2472,,,
2540131762,10,15,P00919,21.04.2017,3387.9,423,0,0,0,0,0,0,12.5,0,0,0,4325.37,514.47,INR,,,,,MH14 CP2472,,,
2540131775,10,20,P00920,21.04.2017,14602,1825,0,0,0,0,0,0,12.5,0,0,0,18644.64,2217.64,INR,,,,,MH14 CP2472,,,
2510172358,10,20,P00921,21.04.2017,4068.2,509,0,0,0,0,0,0,12.5,0,0,0,5195.12,617.92,INR,,,,,MH14 CP2472,,,
2540140488,10,50,P00922,21.04.2017,13110.5,1639,0,0,0,0,0,0,12.5,0,0,0,16740.68,1991.18,INR,,,,,MH14 CP2472,,,
2510172365,10,50,P00923,21.04.2017,15737,1967,0,0,0,0,0,0,12.5,0,0,0,20094.04,2390.04,INR,,,,,MH14 CP2472,,,
2540131769,10,90,P00924,21.04.2017,25878.6,3235,0,0,0,0,0,0,12.5,0,0,0,33043.94,3930.34,INR,,,,,MH14 CP2472,,,
2540131765,10,25,P00941,22.04.2017,55471.75,6934,0,0,0,0,0,0,12.5,0,0,0,70830.53,8424.78,INR,,,,,MH14 CP2472,,,
2510172365,10,50,P00942,22.04.2017,15737,1967,0,0,0,0,0,0,12.5,0,0,0,20094.04,2390.04,INR,,,,,MH14 CP2472,,,
2510172351,10,56,P00943,22.04.2017,47092.64,5887,0,0,0,0,0,0,12.5,0,0,0,60131.89,7152.25,INR,,,,,MH14 CP2472,,,
2510172358,10,20,P00944,22.04.2017,4068.2,509,0,0,0,0,0,0,12.5,0,0,0,5195.12,617.92,INR,,,,,MH14 CP2472,,,
2540131774,10,100,P00945,22.04.2017,29952,3744,0,0,0,0,0,0,12.5,0,0,0,38244.96,4548.96,INR,,,,,MH14 CP2472,,,
2540131769,10,120,P00946,22.04.2017,34504.8,4313,0,0,0,0,0,0,12.5,0,0,0,44058.2,5240.4,INR,,,,,MH14 CP2472,,,
2540131763,10,60,P00947,22.04.2017,23995.2,2999,0,0,0,0,0,0,12.5,0,0,0,30638.42,3644.22,INR,,,,,MH14 CP2472,,,
2540131777,10,40,P00948,22.04.2017,7750.8,969,0,0,0,0,0,0,12.5,0,0,0,9896.97,1177.17,INR,,,,,MH14 CP2472,,,
2510172327,10,48,P00949,22.04.2017,14930.4,1866,0,0,0,0,0,0,12.5,0,0,0,19063.91,2267.51,INR,,,,,MH14 CP2472,,,
2510172313,10,32,P00950,22.04.2017,8815.36,1102,0,0,0,0,0,0,12.5,0,0,0,11256.2,1338.84,INR,,,,,MH14 CP2472,,,
2510172330,10,20,P00951,22.04.2017,7599.8,950,0,0,0,0,0,0,12.5,0,0,0,9704.02,1154.22,INR,,,,,MH14 CP2472,,,
2540127048,10,20,P00952,22.04.2017,7598.6,950,0,0,0,0,0,0,12.5,0,0,0,9702.66,1154.06,INR,,,,,MH14 CP2472,,,
2540131755,10,50,P00953,22.04.2017,112775,14097,0,0,0,0,0,0,12.5,0,0,0,143999.72,17127.72,INR,,,,,MH14 DM4212,,,
2540131765,10,50,P00954,22.04.2017,110943.5,13868,0,0,0,0,0,0,12.5,0,0,0,141661.05,16849.55,INR,,,,,MH14 DM4212,,,
2540131761,10,70,P00955,22.04.2017,51244.9,6406,0,0,0,0,0,0,12.5,0,0,0,65433.77,7782.87,INR,,,,,MH14 DM4212,,,
2510172351,10,56,P00956,22.04.2017,47092.64,5887,0,0,0,0,0,0,12.5,0,0,0,60131.89,7152.25,INR,,,,,MH14 DM4212,,,
2510172347,10,50,P00957,22.04.2017,5758.5,720,0,0,0,0,0,0,12.5,0,0,0,7353.1,874.6,INR,,,,,MH14 DM4212,,,
2510172371,10,50,P00958,22.04.2017,24703,3088,0,0,0,0,0,0,12.5,0,0,0,31542.78,3751.78,INR,,,,,MH14 DM4212,,,
2510172358,10,80,P00959,22.04.2017,16272.8,2034,0,0,0,0,0,0,12.5,0,0,0,20778.22,2471.42,INR,,,,,,,,
2510172330,10,20,P00960,22.04.2017,7599.8,950,0,0,0,0,0,0,12.5,0,0,0,9704.02,1154.22,INR,,,,,MH14 DM4212,,,
2510172327,10,48,P00961,22.04.2017,14930.4,1866,0,0,0,0,0,0,12.5,0,0,0,19063.91,2267.51,INR,,,,,MH14 DM4212,,,
2540131759,10,36,P00962,22.04.2017,13293.36,1662,0,0,0,0,0,0,12.5,0,0,0,16974.33,2018.97,INR,,,,,,,,
2540131775,10,10,P00963,22.04.2017,7301,913,0,0,0,0,0,0,12.5,0,0,0,9322.89,1108.89,INR,,,,,MH14 DM4212,,,
2530005878,10,200,P00980,22.04.2017,15056,1882,0,0,0,0,0,0,12.5,0,0,0,19224.63,2286.63,INR,,,,,BY TRANSPORT,,,
2540131755,10,50,P00984,24.04.2017,112775,14097,0,0,0,0,0,0,12.5,0,0,0,143999.72,17127.72,INR,,,,,MH14 DM4212,,,
2540131775,10,30,P00985,24.04.2017,21903,2738,0,0,0,0,0,0,12.5,0,0,0,27967.54,3326.54,INR,,,,,MH14 DM4212,,,
2510172351,10,64,P00986,24.04.2017,53820.16,6728,0,0,0,0,0,0,12.5,0,0,0,68722.16,8174,INR,,,,,MH14 DM4212,,,
2510172358,10,40,P00987,24.04.2017,8136.4,1017,0,0,0,0,0,0,12.5,0,0,0,10389.11,1235.71,INR,,,,,MH14 DM4212,,,
2540131774,10,60,P00988,24.04.2017,17971.2,2246,0,0,0,0,0,0,12.5,0,0,0,22946.52,2729.32,INR,,,,,MH14 DM4212,,,
2540131763,10,60,P00989,24.04.2017,23995.2,2999,0,0,0,0,0,0,12.5,0,0,0,30638.42,3644.22,INR,,,,,MH14 DM4212,,,
2540131761,10,50,P00990,24.04.2017,36603.5,4575,0,0,0,0,0,0,12.5,0,0,0,46737.6,5559.1,INR,,,,,MH14 DM4212,,,
2540131762,10,25,P00991,24.04.2017,5646.5,706,0,0,0,0,0,0,12.5,0,0,0,7210.09,857.59,INR,,,,,MH14 DM4212,,,
2510172365,10,25,P00992,24.04.2017,7868.5,984,0,0,0,0,0,0,12.5,0,0,0,10047.59,1195.09,INR,,,,,MH14 DM4212,,,
2510172330,10,60,P00993,24.04.2017,22799.4,2850,0,0,0,0,0,0,12.5,0,0,0,29112.07,3462.67,INR,,,,,MH14 DM4212,,,
2540131769,10,30,P00994,24.04.2017,8626.2,1078,0,0,0,0,0,0,12.5,0,0,0,11014.27,1310.07,INR,,,,,MH14 DM4212,,,
2540132379,10,30,P01000,24.04.2017,74803.5,9350,0,0,0,0,0,0,12.5,0,0,0,95514.22,11360.72,INR,,,,,MH14 DM4212,,,
2540131755,10,50,P01001,24.04.2017,112775,14097,0,0,0,0,0,0,12.5,0,0,0,143999.72,17127.72,INR,,,,,MH14 DM4212,,,
2540131761,10,50,P01002,24.04.2017,36603.5,4575,0,0,0,0,0,0,12.5,0,0,0,46737.6,5559.1,INR,,,,,MH14 DM4212,,,
2510172358,10,80,P01003,24.04.2017,16272.8,2034,0,0,0,0,0,0,12.5,0,0,0,20778.22,2471.42,INR,,,,,MH14 DM4212,,,
2510172359,10,30,P01004,24.04.2017,5312.1,664,0,0,0,0,0,0,12.5,0,0,0,6782.87,806.77,INR,,,,,MH14 DM4212,,,
2540131775,10,30,P01005,24.04.2017,21903,2738,0,0,0,0,0,0,12.5,0,0,0,27967.54,3326.54,INR,,,,,MH14 DM4212,,,
2510172373,10,30,P01006,24.04.2017,6681.3,835,0,0,0,0,0,0,12.5,0,0,0,8531,1014.7,INR,,,,,MH14 DM4212,,,
2510172330,10,40,P01007,24.04.2017,15199.6,1900,0,0,0,0,0,0,12.5,0,0,0,19408.05,2308.45,INR,,,,,MH14 DM4212,,,
2510172351,10,56,P01008,24.04.2017,47092.64,5887,0,0,0,0,0,0,12.5,0,0,0,60131.89,7152.25,INR,,,,,MH14 DM4212,,,
2540131758,10,20,P01009,24.04.2017,7120.8,890,0,0,0,0,0,0,12.5,0,0,0,9092.26,1081.46,INR,,,,,MH14 DM4212,,,
2540131762,10,54,P01010,24.04.2017,12196.44,1525,0,0,0,0,0,0,12.5,0,0,0,15573.83,1852.39,INR,,,,,MH14 DM4212,,,
2540131755,10,50,P01023,25.04.2017,112775,14097,0,0,0,0,0,0,12.5,0,0,0,143999.72,17127.72,INR,,,,,MH14 DM4212,,,
2540132379,10,50,P01024,25.04.2017,124672.5,15584,0,0,0,0,0,0,12.5,0,0,0,159191.13,18934.63,INR,,,,,MH14 DM4212,,,
2530005879,10,100,P01025,25.04.2017,10675,1334,0,0,0,0,0,0,12.5,0,0,0,13630.22,1621.22,INR,,,,,MH14 DM4212,,,
2540131761,10,50,P01026,25.04.2017,36603.5,4575,0,0,0,0,0,0,12.5,0,0,0,46737.6,5559.1,INR,,,,,MH14 DM4212,,,
2540131769,10,60,P01027,25.04.2017,17252.4,2157,0,0,0,0,0,0,12.5,0,0,0,22029.67,2620.27,INR,,,,,MH14 DM4212,,,
2510172347,10,20,P01028,25.04.2017,2303.4,288,0,0,0,0,0,0,12.5,0,0,0,2941.24,349.84,INR,,,,,MH14 DM4212,,,
2540131762,10,30,P01029,25.04.2017,6775.8,847,0,0,0,0,0,0,12.5,0,0,0,8651.88,1029.08,INR,,,,,MH14 DM4212,,,
2540131770,10,40,P01030,25.04.2017,21586,2698,0,0,0,0,0,0,12.5,0,0,0,27562.34,3278.34,INR,,,,,MH14 DM4212,,,
2510172358,10,100,P01031,25.04.2017,20341,2543,0,0,0,0,0,0,12.5,0,0,0,25973.34,3089.34,INR,,,,,MH14 DM4212,,,
2540131755,10,50,P01036,25.04.2017,112775,14097,0,0,0,0,0,0,12.5,0,0,0,143999.72,17127.72,INR,,,,,MH14 DM4212,,,
2540132379,10,50,P01037,25.04.2017,124672.5,15584,0,0,0,0,0,0,12.5,0,0,0,159191.13,18934.63,INR,,,,,MH14 DM4212,,,
2540131775,10,35,P01038,25.04.2017,25553.5,3194,0,0,0,0,0,0,12.5,0,0,0,32628.41,3880.91,INR,,,,,MH14 DM4212,,,
2510172351,10,56,P01039,25.04.2017,47092.64,5887,0,0,0,0,0,0,12.5,0,0,0,60131.89,7152.25,INR,,,,,MH14 DM4212,,,
2510172373,10,20,P01040,25.04.2017,4454.2,557,0,0,0,0,0,0,12.5,0,0,0,5687.71,676.51,INR,,,,,MH14 DM4212,,,
2510172365,10,50,P01041,25.04.2017,15737,1967,0,0,0,0,0,0,12.5,0,0,0,20094.04,2390.04,INR,,,,,MH14 DM4212,,,
2540131762,10,60,P01042,25.04.2017,13551.6,1694,0,0,0,0,0,0,12.5,0,0,0,17303.76,2058.16,INR,,,,,MH14 DM4212,,,
2510172330,10,40,P01043,25.04.2017,15199.6,1900,0,0,0,0,0,0,12.5,0,0,0,19408.05,2308.45,INR,,,,,MH14 DM4212,,,
2540131761,10,50,P01044,25.04.2017,36603.5,4575,0,0,0,0,0,0,12.5,0,0,0,46737.6,5559.1,INR,,,,,MH14 DM4212,,,
2540131769,10,60,P01045,25.04.2017,17252.4,2157,0,0,0,0,0,0,12.5,0,0,0,22029.67,2620.27,INR,,,,,MH14 DM4212,,,
2510172347,10,50,P01046,25.04.2017,5758.5,720,0,0,0,0,0,0,12.5,0,0,0,7353.1,874.6,INR,,,,,MH14 DM4212,,,
2540136716,10,21,P01047,25.04.2017,34168.89,4271,0,0,0,0,0,0,12.5,0,0,0,43629.28,5189.39,INR,,,,,MH14 DM4212,,,
2510172358,10,40,P01048,25.04.2017,8136.4,1017,0,0,0,0,0,0,12.5,0,0,0,10389.11,1235.71,INR,,,,,MH14 DM4212,,,
2540135675,10,225,P01051,25.04.2017,19908,2488,0,0,0,0,0,0,12.5,0,0,0,25419.46,3023.46,INR,,,,,BY TRANSPORT,,,
2530005878,10,200,P01052,25.04.2017,15056,1882,0,0,0,0,0,0,12.5,0,0,0,19224.63,2286.63,INR,,,,,BY TRANSPORT,,,
2530005878,10,300,P01053,25.04.2017,22584,2823,0,0,0,0,0,0,12.5,0,0,0,28836.94,3429.94,INR,,,,,BY TRANSPORT,,,
2540135675,10,225,P01054,25.04.2017,19908,2488,0,0,0,0,0,0,12.5,0,0,0,25419.46,3023.46,INR,,,,,BY TRANSPORT,,,
2540131758,10,20,P01060,25.04.2017,7120.8,890,0,0,0,0,0,0,12.5,0,0,0,9092.26,1081.46,INR,,,,,MH14 DM4212,,,
2540131755,10,50,P01061,26.04.2017,112775,14097,0,0,0,0,0,0,12.5,0,0,0,143999.72,17127.72,INR,,,,,MH14 CP2472,,,
2510172357,10,100,P01062,26.04.2017,24859,3107,0,0,0,0,0,0,12.5,0,0,0,31741.41,3775.41,INR,,,,,MH14 CP2472,,,
2540131761,10,50,P01063,26.04.2017,36603.5,4575,0,0,0,0,0,0,12.5,0,0,0,46737.6,5559.1,INR,,,,,MH14 CP2472,,,
2540131762,10,60,P01064,26.04.2017,13551.6,1694,0,0,0,0,0,0,12.5,0,0,0,17303.76,2058.16,INR,,,,,MH14 CP2472,,,
2540131763,10,60,P01065,26.04.2017,23995.2,2999,0,0,0,0,0,0,12.5,0,0,0,30638.42,3644.22,INR,,,,,MH14 CP2472,,,
2540131774,10,20,P01066,26.04.2017,5990.4,749,0,0,0,0,0,0,12.5,0,0,0,7649.22,909.82,INR,,,,,MH14 CP2472,,,
2540131777,10,20,P01067,26.04.2017,3875.4,484,0,0,0,0,0,0,12.5,0,0,0,4947.92,588.52,INR,,,,,MH14 CP2472,,,
2540131769,10,60,P01068,26.04.2017,17252.4,2157,0,0,0,0,0,0,12.5,0,0,0,22029.67,2620.27,INR,,,,,MH14 CP2472,,,
2540140488,10,50,P01069,26.04.2017,13110.5,1639,0,0,0,0,0,0,12.5,0,0,0,16740.68,1991.18,INR,,,,,MH14 CP2472,,,
2540131765,10,40,P01086,26.04.2017,88754.8,11094,0,0,0,0,0,0,12.5,0,0,0,113328.39,13479.59,INR,,,,,MH14 CP2472,,,
2540131755,10,50,P01087,26.04.2017,112775,14097,0,0,0,0,0,0,12.5,0,0,0,143999.72,17127.72,INR,,,,,MH14 CP2472,,,
2540131761,10,50,P01088,26.04.2017,36603.5,4575,0,0,0,0,0,0,12.5,0,0,0,46737.6,5559.1,INR,,,,,MH14 CP2472,,,
2540131762,10,30,P01089,26.04.2017,6775.8,847,0,0,0,0,0,0,12.5,0,0,0,8651.88,1029.08,INR,,,,,MH14 CP2472,,,
2540131762,10,30,P01090,26.04.2017,6775.8,847,0,0,0,0,0,0,12.5,0,0,0,8651.88,1029.08,INR,,,,,MH14 CP2472,,,
2540127048,10,40,P01091,26.04.2017,15197.2,1900,0,0,0,0,0,0,12.5,0,0,0,19405.32,2308.12,INR,,,,,MH14 CP2472,,,
2510172330,10,40,P01092,26.04.2017,15199.6,1900,0,0,0,0,0,0,12.5,0,0,0,19408.05,2308.45,INR,,,,,MH14 CP2472,,,
2510172358,10,80,P01093,26.04.2017,16272.8,2034,0,0,0,0,0,0,12.5,0,0,0,20778.22,2471.42,INR,,,,,MH14 CP2472,,,
2510172358,10,40,P01094,26.04.2017,8136.4,1017,0,0,0,0,0,0,12.5,0,0,0,10389.11,1235.71,INR,,,,,MH14 CP2472,,,
2540131774,10,100,P01095,26.04.2017,29952,3744,0,0,0,0,0,0,12.5,0,0,0,38244.96,4548.96,INR,,,,,MH14 CP2472,,,
2510172347,10,50,P01096,26.04.2017,5758.5,720,0,0,0,0,0,0,12.5,0,0,0,7353.1,874.6,INR,,,,,MH14 CP2472,,,
2540136716,10,30,P01097,26.04.2017,48812.7,6102,0,0,0,0,0,0,12.5,0,0,0,62328.18,7413.48,INR,,,,,MH14 CP2472,,,
2510172365,10,50,P01098,26.04.2017,15737,1967,0,0,0,0,0,0,12.5,0,0,0,20094.04,2390.04,INR,,,,,MH14 CP2472,,,
2540131758,10,40,P01099,26.04.2017,14241.6,1780,0,0,0,0,0,0,12.5,0,0,0,18184.52,2162.92,INR,,,,,MH14 CP2472,,,
2510172351,10,56,P01100,26.04.2017,47092.64,5887,0,0,0,0,0,0,12.5,0,0,0,60131.89,7152.25,INR,,,,,MH14 CP2472,,,
2540131769,10,60,P01101,26.04.2017,17252.4,2157,0,0,0,0,0,0,12.5,0,0,0,22029.67,2620.27,INR,,,,,MH14 CP2472,,,
2540131755,10,50,P01104,27.04.2017,112775,14097,0,0,0,0,0,0,12.5,0,0,0,143999.72,17127.72,INR,,,,,MH14 CP2472,,,
2540132379,10,50,P01105,27.04.2017,124672.5,15584,0,0,0,0,0,0,12.5,0,0,0,159191.13,18934.63,INR,,,,,MH14 CP2472,,,
2540132379,10,25,P01106,27.04.2017,62336.25,7792,0,0,0,0,0,0,12.5,0,0,0,79595.56,9467.31,INR,,,,,MH14 CP2472,,,
2540131762,10,60,P01107,27.04.2017,13551.6,1694,0,0,0,0,0,0,12.5,0,0,0,17303.76,2058.16,INR,,,,,MH14 CP2472,,,
2540131761,10,50,P01108,27.04.2017,36603.5,4575,0,0,0,0,0,0,12.5,0,0,0,46737.6,5559.1,INR,,,,,MH14 CP2472,,,
2540131775,10,20,P01109,27.04.2017,14602,1825,0,0,0,0,0,0,12.5,0,0,0,18644.64,2217.64,INR,,,,,MH14 CP2472,,,
2540131769,10,60,P01110,27.04.2017,17252.4,2157,0,0,0,0,0,0,12.5,0,0,0,22029.67,2620.27,INR,,,,,MH14 CP2472,,,
2540131765,10,10,P01125,27.04.2017,22188.7,2774,0,0,0,0,0,0,12.5,0,0,0,28332.66,3369.96,INR,,,,,MH14 CP2472,,,
2540131755,10,75,P01126,27.04.2017,169162.5,21145,0,0,0,0,0,0,12.5,0,0,0,215999.01,25691.51,INR,,,,,MH14 CP2472,,,
2540131761,10,50,P01127,27.04.2017,36603.5,4575,0,0,0,0,0,0,12.5,0,0,0,46737.6,5559.1,INR,,,,,MH14 CP2472,,,
2510172330,10,20,P01128,27.04.2017,7599.8,950,0,0,0,0,0,0,12.5,0,0,0,9704.02,1154.22,INR,,,,,MH14 CP2472,,,
2540131762,10,60,P01129,27.04.2017,13551.6,1694,0,0,0,0,0,0,12.5,0,0,0,17303.76,2058.16,INR,,,,,MH14 CP2472,,,
2510172358,10,100,P01130,27.04.2017,20341,2543,0,0,0,0,0,0,12.5,0,0,0,25973.34,3089.34,INR,,,,,MH14 CP2472,,,
2540131774,10,120,P01131,27.04.2017,35942.4,4493,0,0,0,0,0,0,12.5,0,0,0,45894.18,5458.78,INR,,,,,MH14 CP2472,,,
2510172365,10,100,P01132,27.04.2017,31474,3934,0,0,0,0,0,0,12.5,0,0,0,40188.08,4780.08,INR,,,,,MH14 CP2472,,,
2540136716,10,15,P01133,27.04.2017,24406.35,3051,0,0,0,0,0,0,12.5,0,0,0,31164.09,3706.74,INR,,,,,MH14 CP2472,,,
2510172351,10,56,P01134,27.04.2017,47092.64,5887,0,0,0,0,0,0,12.5,0,0,0,60131.89,7152.25,INR,,,,,MH14 CP2472,,,
2510172347,10,50,P01135,27.04.2017,5758.5,720,0,0,0,0,0,0,12.5,0,0,0,7353.1,874.6,INR,,,,,MH14 CP2472,,,
2540131775,10,20,P01136,27.04.2017,14602,1825,0,0,0,0,0,0,12.5,0,0,0,18644.64,2217.64,INR,,,,,MH14 CP2472,,,
2540131769,10,60,P01137,27.04.2017,17252.4,2157,0,0,0,0,0,0,12.5,0,0,0,22029.67,2620.27,INR,,,,,MH14 CP2472,,,
2540127048,10,40,P01138,27.04.2017,15197.2,1900,0,0,0,0,0,0,12.5,0,0,0,19405.32,2308.12,INR,,,,,MH14 CP2472,,,
2540131755,10,50,P01146,28.04.2017,112775,14097,0,0,0,0,0,0,12.5,0,0,0,143999.72,17127.72,INR,,,,,MH14 CP2472,,,
2540132379,10,50,P01147,28.04.2017,124672.5,15584,0,0,0,0,0,0,12.5,0,0,0,159191.13,18934.63,INR,,,,,MH14 CP2472,,,
2540131762,10,78,P01148,28.04.2017,17617.08,2202,0,0,0,0,0,0,12.5,0,0,0,22494.66,2675.58,INR,,,,,MH14 CP2472,,,
2540131761,10,100,P01149,28.04.2017,73207,9151,0,0,0,0,0,0,12.5,0,0,0,93476.33,11118.33,INR,,,,,MH14 CP2472,,,
2540131769,10,60,P01150,28.04.2017,17252.4,2157,0,0,0,0,0,0,12.5,0,0,0,22029.67,2620.27,INR,,,,,MH14 CP2472,,,
2540131774,10,100,P01151,28.04.2017,29952,3744,0,0,0,0,0,0,12.5,0,0,0,38244.96,4548.96,INR,,,,,MH14 CP2472,,,
2540132379,10,50,P01152,28.04.2017,124672.5,15584,0,0,0,0,0,0,12.5,0,0,0,159191.13,18934.63,INR,,,,,MH14 CP2472,,,
2540131755,10,50,P01153,28.04.2017,112775,14097,0,0,0,0,0,0,12.5,0,0,0,143999.72,17127.72,INR,,,,,MH14 CP2472,,,
2540131761,10,20,P01154,28.04.2017,14641.4,1830,0,0,0,0,0,0,12.5,0,0,0,18695.04,2223.64,INR,,,,,MH14 CP2472,,,
2510172330,10,20,P01155,28.04.2017,7599.8,950,0,0,0,0,0,0,12.5,0,0,0,9704.02,1154.22,INR,,,,,MH14 CP2472,,,
2540127048,10,40,P01156,28.04.2017,15197.2,1900,0,0,0,0,0,0,12.5,0,0,0,19405.32,2308.12,INR,,,,,MH14 CP2472,,,
2540131762,10,30,P01157,28.04.2017,6775.8,847,0,0,0,0,0,0,12.5,0,0,0,8651.88,1029.08,INR,,,,,MH14 CP2472,,,
2510172358,10,120,P01158,28.04.2017,24409.2,3051,0,0,0,0,0,0,12.5,0,0,0,31167.33,3707.13,INR,,,,,MH14 CP2472,,,
2510172351,10,56,P01159,28.04.2017,47092.64,5887,0,0,0,0,0,0,12.5,0,0,0,60131.89,7152.25,INR,,,,,MH14 CP2472,,,
2510172365,10,75,P01160,28.04.2017,23605.5,2951,0,0,0,0,0,0,12.5,0,0,0,30141.63,3585.13,INR,,,,,MH14 CP2472,,,
2540131758,10,20,P01161,28.04.2017,7120.8,890,0,0,0,0,0,0,12.5,0,0,0,9092.26,1081.46,INR,,,,,MH14 CP2472,,,
2540131769,10,30,P01162,28.04.2017,8626.2,1078,0,0,0,0,0,0,12.5,0,0,0,11014.27,1310.07,INR,,,,,MH14 CP2472,,,
2540132379,10,50,P01178,29.04.2017,124672.5,15584,0,0,0,0,0,0,12.5,0,0,0,159191.13,18934.63,INR,,,,,MH14 CP2472,,,
2540131755,10,75,P01179,29.04.2017,169162.5,21145,0,0,0,0,0,0,12.5,0,0,0,215999.01,25691.51,INR,,,,,MH14 CP2472,,,
2540131762,10,60,P01180,29.04.2017,13551.6,1694,0,0,0,0,0,0,12.5,0,0,0,17303.76,2058.16,INR,,,,,MH14 CP2472,,,
2540131769,10,60,P01181,29.04.2017,17252.4,2157,0,0,0,0,0,0,12.5,0,0,0,22029.67,2620.27,INR,,,,,MH14 CP2472,,,
2540131770,10,40,P01182,29.04.2017,21586,2698,0,0,0,0,0,0,12.5,0,0,0,27562.34,3278.34,INR,,,,,MH14 CP2472,,,
2540131774,10,60,P01183,29.04.2017,17971.2,2246,0,0,0,0,0,0,12.5,0,0,0,22946.52,2729.32,INR,,,,,MH14 CP2472,,,
2540131765,10,10,P01184,29.04.2017,22188.7,2774,0,0,0,0,0,0,12.5,0,0,0,28332.66,3369.96,INR,,,,,MH14 CP2472,,,
2540135675,10,225,P01185,29.04.2017,19908,2488,0,0,0,0,0,0,12.5,0,0,0,25419.46,3023.46,INR,,,,,BY TRANSPORT,,,
2540135675,10,225,P01186,29.04.2017,19908,2488,0,0,0,0,0,0,12.5,0,0,0,25419.46,3023.46,INR,,,,,BY TRANSPORT,,,
2540131765,10,40,P01196,29.04.2017,88754.8,11094,0,0,0,0,0,0,12.5,0,0,0,113328.39,13479.59,INR,,,,,MH14 CP2472,,,
2540132379,10,75,P01197,29.04.2017,187008.75,23376,0,0,0,0,0,0,12.5,0,0,0,238786.69,28401.94,INR,,,,,MH14 CP2472,,,
2540131761,10,60,P01198,29.04.2017,43924.2,5491,0,0,0,0,0,0,12.5,0,0,0,56086.25,6671.05,INR,,,,,MH14 CP2472,,,
2510172330,10,20,P01199,29.04.2017,7599.8,950,0,0,0,0,0,0,12.5,0,0,0,9704.02,1154.22,INR,,,,,MH14 CP2472,,,
2540127048,10,20,P01200,29.04.2017,7598.6,950,0,0,0,0,0,0,12.5,0,0,0,9702.66,1154.06,INR,,,,,MH14 CP2472,,,
2540131762,10,30,P01201,29.04.2017,6775.8,847,0,0,0,0,0,0,12.5,0,0,0,8651.88,1029.08,INR,,,,,MH14 CP2472,,,
2510172358,10,40,P01202,29.04.2017,8136.4,1017,0,0,0,0,0,0,12.5,0,0,0,10389.11,1235.71,INR,,,,,MH14 CP2472,,,
2510172351,10,56,P01203,29.04.2017,47092.64,5887,0,0,0,0,0,0,12.5,0,0,0,60131.89,7152.25,INR,,,,,MH14 CP2472,,,
2510172365,10,100,P01204,29.04.2017,31474,3934,0,0,0,0,0,0,12.5,0,0,0,40188.08,4780.08,INR,,,,,MH14 CP2472,,,
2540136716,10,15,P01205,29.04.2017,24406.35,3051,0,0,0,0,0,0,12.5,0,0,0,31164.09,3706.74,INR,,,,,MH14 CP2472,,,
2510172370,10,10,P01206,29.04.2017,8233.2,1029,0,0,0,0,0,0,12.5,0,0,0,10512.6,1250.4,INR,,,,,MH14 CP2472,,,
2540131769,10,30,P01207,29.04.2017,8626.2,1078,0,0,0,0,0,0,12.5,0,0,0,11014.27,1310.07,INR,,,,,MH14 CP2472,,,
2510172358,10,40,P01226,29.04.2017,8136.4,1017,0,0,0,0,0,0,12.5,0,0,0,10389.11,1235.71,INR,,,,,MH14 CP2472,,,
2510172358,10,40,P01227,29.04.2017,8136.4,1017,0,0,0,0,0,0,12.5,0,0,0,10389.11,1235.71,INR,,,,,MH14 CP2472,,,
2510172358,10,20,P01228,29.04.2017,4068.2,509,0,0,0,0,0,0,12.5,0,0,0,5195.12,617.92,INR,,,,,MH14 CP2472,,,
2540131774,10,20,P01229,29.04.2017,5990.4,749,0,0,0,0,0,0,12.5,0,0,0,7649.22,909.82,INR,,,,,MH14 CP2472,,,
2540131774,10,20,P01230,29.04.2017,5990.4,749,0,0,0,0,0,0,12.5,0,0,0,7649.22,909.82,INR,,,,,MH14 CP2472,,,
2540131774,10,20,P01231,29.04.2017,5990.4,749,0,0,0,0,0,0,12.5,0,0,0,7649.22,909.82,INR,,,,,MH14 CP2472,,,
2510172365,10,25,P01232,29.04.2017,7868.5,984,0,0,0,0,0,0,12.5,0,0,0,10047.59,1195.09,INR,,,,,MH14 CP2472,,,
2540131769,10,30,P01233,29.04.2017,8626.2,1078,0,0,0,0,0,0,12.5,0,0,0,11014.27,1310.07,INR,,,,,MH14 CP2472,,,
2540131769,10,30,P01234,29.04.2017,8626.2,1078,0,0,0,0,0,0,12.5,0,0,0,11014.27,1310.07,INR,,,,,MH14 CP2472,,,
2540131762,10,30,P01235,29.04.2017,6775.8,847,0,0,0,0,0,0,12.5,0,0,0,8651.88,1029.08,INR,,,,,MH14 CP2472,,,
2540131762,10,30,P01236,29.04.2017,6775.8,847,0,0,0,0,0,0,12.5,0,0,0,8651.88,1029.08,INR,,,,,MH14 CP2472,,,
2540131762,10,30,P01237,29.04.2017,6775.8,847,0,0,0,0,0,0,12.5,0,0,0,8651.88,1029.08,INR,,,,,MH14 CP2472,,,
2540131762,10,30,P01238,29.04.2017,6775.8,847,0,0,0,0,0,0,12.5,0,0,0,8651.88,1029.08,INR,,,,,MH14 CP2472,,,
2540131761,10,30,P01239,29.04.2017,21962.1,2745,0,0,0,0,0,0,12.5,0,0,0,28042.56,3335.46,INR,,,,,MH14 CP2472,,,
2540131761,10,30,P01240,29.04.2017,21962.1,2745,0,0,0,0,0,0,12.5,0,0,0,28042.56,3335.46,INR,,,,,MH14 CP2472,,,
2540131761,10,20,P01241,29.04.2017,14641.4,1830,0,0,0,0,0,0,12.5,0,0,0,18695.04,2223.64,INR,,,,,MH14 CP2472,,,
2540131765,10,25,P01242,29.04.2017,55471.75,6934,0,0,0,0,0,0,12.5,0,0,0,70830.53,8424.78,INR,,,,,MH14 CP2472,,,
2540132379,10,50,P01243,29.04.2017,124672.5,15584,0,0,0,0,0,0,12.5,0,0,0,159191.13,18934.63,INR,,,,,MH14 CP2472,,,
2540132379,10,50,P01244,29.04.2017,124672.5,15584,0,0,0,0,0,0,12.5,0,0,0,159191.13,18934.63,INR,,,,,MH14 CP2472,,,
2540132379,10,50,P01245,29.04.2017,124672.5,15584,0,0,0,0,0,0,12.5,0,0,0,159191.13,18934.63,INR,,,,,MH14 CP2472,,,
2540132379,10,50,P01246,29.04.2017,124672.5,15584,0,0,0,0,0,0,12.5,0,0,0,159191.13,18934.63,INR,,,,,MH14 CP2472,,,
2540131755,10,25,P01247,29.04.2017,56387.5,7048,0,0,0,0,0,0,12.5,0,0,0,71999.29,8563.79,INR,,,,,MH14 CP2472,,,
2540131755,10,25,P01248,29.04.2017,56387.5,7048,0,0,0,0,0,0,12.5,0,0,0,71999.29,8563.79,INR,,,,,MH14 CP2472,,,
2540131770,10,40,P01249,29.04.2017,21586,2698,0,0,0,0,0,0,12.5,0,0,0,27562.34,3278.34,INR,,,,,MH14 CP2472,,,
2540131765,10,50,P01270,02.05.2017,110943.5,13868,0,0,0,0,0,0,12.5,0,0,0,141661.05,16849.55,INR,,,,,MH14 CP2472,,,
2540131769,10,30,P01271,02.05.2017,8626.2,1078,0,0,0,0,0,0,12.5,0,0,0,11014.27,1310.07,INR,,,,,MH14 CP2472,,,
2510172351,10,32,P01273,02.05.2017,26910.08,3364,0,0,0,0,0,0,12.5,0,0,0,34361.08,4087,INR,,,,,MH14CP 2472,,,
2510172330,10,20,P01274,02.05.2017,7599.8,950,0,0,0,0,0,0,12.5,0,0,0,9704.02,1154.22,INR,,,,,MH14CP 2472,,,
2540132379,10,50,P01277,03.05.2017,124672.5,15584,0,0,0,0,0,0,12.5,0,0,0,159191.13,18934.63,INR,,,,,MH14 CP2472,,,
2510172330,10,20,P01278,03.05.2017,7599.8,950,0,0,0,0,0,0,12.5,0,0,0,9704.02,1154.22,INR,,,,,MH14 CP2472,,,
2540131762,10,60,P01279,03.05.2017,13551.6,1694,0,0,0,0,0,0,12.5,0,0,0,17303.76,2058.16,INR,,,,,MH14 CP2472,,,
2540131774,10,60,P01280,03.05.2017,17971.2,2246,0,0,0,0,0,0,12.5,0,0,0,22946.52,2729.32,INR,,,,,MH14 CP2472,,,
2540140488,10,50,P01281,03.05.2017,13110.5,1639,0,0,0,0,0,0,12.5,0,0,0,16740.68,1991.18,INR,,,,,MH14 CP2472,,,
2510172351,10,10,P01282,03.05.2017,8409.4,1051,0,0,0,0,0,0,12.5,0,0,0,10737.55,1277.15,INR,,,,,MH14 CP2472,,,
2540131769,10,150,P01283,03.05.2017,43131,5391,0,0,0,0,0,0,12.5,0,0,0,55072.47,6550.47,INR,,,,,MH14 CP2472,,,
2510172313,10,64,P01284,03.05.2017,17630.72,2204,0,0,0,0,0,0,12.5,0,0,0,22512.41,2677.69,INR,,,,,MH14 CP2472,,,
2540131779,10,126,P01285,03.05.2017,43013.88,5377,0,0,0,0,0,0,12.5,0,0,0,54923.65,6532.77,INR,,,,,MH14 CP2472,,,
2540131765,10,100,P01286,03.05.2017,221887,27736,0,0,0,0,0,0,12.5,0,0,0,283322.11,33699.11,INR,,,,,MH14 CP2472,,,
2510172358,10,100,P01287,03.05.2017,20341,2543,0,0,0,0,0,0,12.5,0,0,0,25973.34,3089.34,INR,,,,,MH14 CP2472,,,
2540131774,10,100,P01288,03.05.2017,29952,3744,0,0,0,0,0,0,12.5,0,0,0,38244.96,4548.96,INR,,,,,MH14 CP2472,,,
2510172330,10,40,P01289,03.05.2017,15199.6,1900,0,0,0,0,0,0,12.5,0,0,0,19408.05,2308.45,INR,,,,,MH14 CP2472,,,
2540131762,10,30,P01290,03.05.2017,6775.8,847,0,0,0,0,0,0,12.5,0,0,0,8651.88,1029.08,INR,,,,,MH14 CP2472,,,
2540131769,10,90,P01291,03.05.2017,25878.6,3235,0,0,0,0,0,0,12.5,0,0,0,33043.94,3930.34,INR,,,,,MH14 CP2472,,,
2540131761,10,80,P01292,03.05.2017,58565.6,7321,0,0,0,0,0,0,12.5,0,0,0,74781.29,8894.69,INR,,,,,,,,
2510172351,10,24,P01293,03.05.2017,20182.56,2523,0,0,0,0,0,0,12.5,0,0,0,25770.81,3065.25,INR,,,,,,,,
2510172359,10,50,P01294,03.05.2017,8853.5,1107,0,0,0,0,0,0,12.5,0,0,0,11305.17,1344.67,INR,,,,,MH14 CP2472,,,
2540131755,10,25,P01295,03.05.2017,56387.5,7048,0,0,0,0,0,0,12.5,0,0,0,71999.29,8563.79,INR,,,,,MH14 CP2472,,,
2510172365,10,50,P01299,03.05.2017,15737,1967,0,0,0,0,0,0,12.5,0,0,0,20094.04,2390.04,INR,,,,,MH14 CP2472,,,
2510172351,10,16,P01300,03.05.2017,13455.04,1682,0,0,0,0,0,0,12.5,0,0,0,17180.54,2043.5,INR,,,,,MH14 CP2472,,,
2510172351,10,8,P01301,03.05.2017,6727.52,841,0,0,0,0,0,0,12.5,0,0,0,8590.27,1021.75,INR,,,,,MH14 CP2472,,,
2510172351,10,8,P01302,03.05.2017,6727.52,841,0,0,0,0,0,0,12.5,0,0,0,8590.27,1021.75,INR,,,,,MH14 CP2472,,,
2540131755,10,75,P01305,04.05.2017,169162.5,21145,0,0,0,0,0,0,12.5,0,0,0,215999.01,25691.51,INR,,,,,MH14 CP2472,,,
2540131769,10,30,P01306,04.05.2017,8626.2,1078,0,0,0,0,0,0,12.5,0,0,0,11014.27,1310.07,INR,,,,,MH14 CP2472,,,
2510172330,10,20,P01307,04.05.2017,7599.8,950,0,0,0,0,0,0,12.5,0,0,0,9704.02,1154.22,INR,,,,,MH14 CP2472,,,
2540140488,10,50,P01308,04.05.2017,13110.5,1639,0,0,0,0,0,0,12.5,0,0,0,16740.68,1991.18,INR,,,,,MH14 CP2472,,,
2510172365,10,50,P01309,04.05.2017,15737,1967,0,0,0,0,0,0,12.5,0,0,0,20094.04,2390.04,INR,,,,,MH14 CP2472,,,
2510172357,10,100,P01310,04.05.2017,24859,3107,0,0,0,0,0,0,12.5,0,0,0,31741.41,3775.41,INR,,,,,MH14 CP2472,,,
2540131762,10,60,P01311,04.05.2017,13551.6,1694,0,0,0,0,0,0,12.5,0,0,0,17303.76,2058.16,INR,,,,,MH14 CP2472,,,
2540131755,10,50,P01326,04.05.2017,112775,14097,0,0,0,0,0,0,12.5,0,0,0,143999.72,17127.72,INR,,,,,MH14 CP2472,,,
2510172330,10,80,P01327,04.05.2017,30399.2,3800,0,0,0,0,0,0,12.5,0,0,0,38816.09,4616.89,INR,,,,,MH14 CP2472,,,
2540131761,10,30,P01328,04.05.2017,21962.1,2745,0,0,0,0,0,0,12.5,0,0,0,28042.56,3335.46,INR,,,,,MH14 CP2472,,,
2510172358,10,60,P01329,04.05.2017,12204.6,1526,0,0,0,0,0,0,12.5,0,0,0,15584.23,1853.63,INR,,,,,MH14 CP2472,,,
2540131774,10,34,P01330,04.05.2017,10183.68,1273,0,0,0,0,0,0,12.5,0,0,0,13003.33,1546.65,INR,,,,,MH14 CP2472,,,
2540136716,10,15,P01331,04.05.2017,24406.35,3051,0,0,0,0,0,0,12.5,0,0,0,31164.09,3706.74,INR,,,,,MH14 CP2472,,,
2510172365,10,25,P01332,04.05.2017,7868.5,984,0,0,0,0,0,0,12.5,0,0,0,10047.59,1195.09,INR,,,,,MH14 CP2472,,,
2510172365,10,25,P01333,04.05.2017,7868.5,984,0,0,0,0,0,0,12.5,0,0,0,10047.59,1195.09,INR,,,,,MH14 CP2472,,,
2540131769,10,120,P01334,04.05.2017,34504.8,4313,0,0,0,0,0,0,12.5,0,0,0,44058.2,5240.4,INR,,,,,MH14 CP2472,,,
2510172327,10,48,P01335,04.05.2017,14930.4,1866,0,0,0,0,0,0,12.5,0,0,0,19063.91,2267.51,INR,,,,,MH14 CP2472,,,
2510172351,10,18,P01336,04.05.2017,15136.92,1892,0,0,0,0,0,0,12.5,0,0,0,19327.82,2298.9,INR,,,,,MH14 CP2472,,,
2540131762,10,60,P01337,04.05.2017,13551.6,1694,0,0,0,0,0,0,12.5,0,0,0,17303.76,2058.16,INR,,,,,MH14 CP2472,,,
2540131797,10,50,P01338,04.05.2017,8853.5,1107,0,0,0,0,0,0,12.5,0,0,0,11305.17,1344.67,INR,,,,,MH14 CP2472,,,
2540131758,10,20,P01339,04.05.2017,7120.8,890,0,0,0,0,0,0,12.5,0,0,0,9092.26,1081.46,INR,,,,,mh 14 cp 2472,,,
2540131769,10,60,P01340,04.05.2017,17252.4,2157,0,0,0,0,0,0,12.5,0,0,0,22029.67,2620.27,INR,,,,,MH14 CP2472,,,
2540131761,10,30,P01342,05.05.2017,21962.1,2745,0,0,0,0,0,0,12.5,0,0,0,28042.56,3335.46,INR,,,,,MH14 CP2472,,,
2540131762,10,90,P01343,05.05.2017,20327.4,2541,0,0,0,0,0,0,12.5,0,0,0,25955.63,3087.23,INR,,,,,MH14 CP2472,,,
2510172330,10,20,P01344,05.05.2017,7599.8,950,0,0,0,0,0,0,12.5,0,0,0,9704.02,1154.22,INR,,,,,MH14 CP2472,,,
2540131755,10,50,P01345,05.05.2017,112775,14097,0,0,0,0,0,0,12.5,0,0,0,143999.72,17127.72,INR,,,,,MH14 CP2472,,,
2540131765,10,15,P01346,05.05.2017,33283.05,4160,0,0,0,0,0,0,12.5,0,0,0,42497.86,5054.81,INR,,,,,MH14 CP2472,,,
2510172327,10,48,P01347,05.05.2017,14930.4,1866,0,0,0,0,0,0,12.5,0,0,0,19063.91,2267.51,INR,,,,,MH14 CP2472,,,
2540131775,10,25,P01348,05.05.2017,18252.5,2282,0,0,0,0,0,0,12.5,0,0,0,23306.66,2772.16,INR,,,,,MH14 CP2472,,,
2540140488,10,25,P01349,05.05.2017,6555.25,819,0,0,0,0,0,0,12.5,0,0,0,8369.77,995.52,INR,,,,,MH14 CP2472,,,
2540131759,10,36,P01350,05.05.2017,13293.36,1662,0,0,0,0,0,0,12.5,0,0,0,16974.33,2018.97,INR,,,,,MH14 CP2472,,,
2530005878,10,300,P01351,05.05.2017,22584,2823,0,0,0,0,0,0,12.5,0,0,0,28836.94,3429.94,INR,,,,,,,,
2530005878,10,300,P01352,05.05.2017,22584,2823,0,0,0,0,0,0,12.5,0,0,0,28836.94,3429.94,INR,,,,,,,,
2530005878,10,300,P01353,05.05.2017,22584,2823,0,0,0,0,0,0,12.5,0,0,0,28836.94,3429.94,INR,,,,,,,,
2540135674,10,120,P01354,05.05.2017,11792.4,1474,0,0,0,0,0,0,12.5,0,0,0,15057.36,1790.96,INR,,,,,,,,
2540135675,10,225,P01355,05.05.2017,19908,2488,0,0,0,0,0,0,12.5,0,0,0,25419.46,3023.46,INR,,,,,,,,
2540131755,10,75,P01362,05.05.2017,169162.5,21145,0,0,0,0,0,0,12.5,0,0,0,215999.01,25691.51,INR,,,,,MH 14 CP 2472,,,
2540132379,10,50,P01363,05.05.2017,124672.5,15584,0,0,0,0,0,0,12.5,0,0,0,159191.13,18934.63,INR,,,,,MH 14 CP 2472,,,
2540131761,10,60,P01364,05.05.2017,43924.2,5491,0,0,0,0,0,0,12.5,0,0,0,56086.25,6671.05,INR,,,,,MH 14 CP 2472,,,
2540131762,10,60,P01365,05.05.2017,13551.6,1694,0,0,0,0,0,0,12.5,0,0,0,17303.76,2058.16,INR,,,,,MH 14 CP 2472,,,
2510172330,10,40,P01366,05.05.2017,15199.6,1900,0,0,0,0,0,0,12.5,0,0,0,19408.05,2308.45,INR,,,,,MH 14 CP 2472,,,
2510172358,10,120,P01367,05.05.2017,24409.2,3051,0,0,0,0,0,0,12.5,0,0,0,31167.33,3707.13,INR,,,,,MH 14 CP 2472,,,
2540131774,10,60,P01368,05.05.2017,17971.2,2246,0,0,0,0,0,0,12.5,0,0,0,22946.52,2729.32,INR,,,,,MH 14 CP 2472,,,
2510172365,10,50,P01369,05.05.2017,15737,1967,0,0,0,0,0,0,12.5,0,0,0,20094.04,2390.04,INR,,,,,MH 14 CP 2472,,,
2510172351,10,56,P01370,05.05.2017,47092.64,5887,0,0,0,0,0,0,12.5,0,0,0,60131.89,7152.25,INR,,,,,MH 14 CP 2472,,,
2540131776,10,16,P01371,05.05.2017,14330.72,1791,0,0,0,0,0,0,12.5,0,0,0,18298.15,2176.43,INR,,,,,MH 14 CP 2472,,,
2540132379,10,50,P01393,06.05.2017,124672.5,15584,0,0,0,0,0,0,12.5,0,0,0,159191.13,18934.63,INR,,,,,MH14 CP2472,,,
2510172330,10,20,P01394,06.05.2017,7599.8,950,0,0,0,0,0,0,12.5,0,0,0,9704.02,1154.22,INR,,,,,MH14 CP2472,,,
2540131762,10,90,P01395,06.05.2017,20327.4,2541,0,0,0,0,0,0,12.5,0,0,0,25955.63,3087.23,INR,,,,,MH14 CP2472,,,
2540140488,10,50,P01396,06.05.2017,13110.5,1639,0,0,0,0,0,0,12.5,0,0,0,16740.68,1991.18,INR,,,,,MH14 CP2472,,,
2510172351,10,20,P01397,06.05.2017,16818.8,2102,0,0,0,0,0,0,12.5,0,0,0,21475.11,2554.31,INR,,,,,MH14 CP2472,,,
2510172365,10,100,P01398,06.05.2017,31474,3934,0,0,0,0,0,0,12.5,0,0,0,40188.08,4780.08,INR,,,,,MH14 CP2472,,,
2540131761,10,60,P01399,06.05.2017,43924.2,5491,0,0,0,0,0,0,12.5,0,0,0,56086.25,6671.05,INR,,,,,MH14 CP2472,,,
2540131774,10,100,P01400,06.05.2017,29952,3744,0,0,0,0,0,0,12.5,0,0,0,38244.96,4548.96,INR,,,,,MH14 CP2472,,,
2510172358,10,80,P01401,06.05.2017,16272.8,2034,0,0,0,0,0,0,12.5,0,0,0,20778.22,2471.42,INR,,,,,MH14 CP2472,,,
2540136716,10,15,P01402,06.05.2017,24406.35,3051,0,0,0,0,0,0,12.5,0,0,0,31164.09,3706.74,INR,,,,,MH14 CP2472,,,
2530005879,10,200,P01403,06.05.2017,21350,2669,0,0,0,0,0,0,12.5,0,0,0,27261.56,3242.56,INR,,,,,MH14 CP2472,,,
2510172330,10,20,P01404,06.05.2017,7599.8,950,0,0,0,0,0,0,12.5,0,0,0,9704.02,1154.22,INR,,,,,MH14 CP2472,,,
2530005878,10,100,P01410,06.05.2017,7528,941,0,0,0,0,0,0,12.5,0,0,0,9612.32,1143.32,INR,,,,,,,,
2540131765,10,25,P01414,06.05.2017,55471.75,6934,0,0,0,0,0,0,12.5,0,0,0,70830.53,8424.78,INR,,,,,MH 14 CP 2472,,,
2540131755,10,75,P01415,06.05.2017,169162.5,21145,0,0,0,0,0,0,12.5,0,0,0,215999.01,25691.51,INR,,,,,MH 14 CP 2472,,,
2540131774,10,40,P01416,06.05.2017,11980.8,1498,0,0,0,0,0,0,12.5,0,0,0,15298.44,1819.64,INR,,,,,MH 14 CP 2472,,,
2510172365,10,65,P01417,06.05.2017,20458.1,2557,0,0,0,0,0,0,12.5,0,0,0,26122.14,3107.04,INR,,,,,MH 14 CP 2472,,,
2510172351,10,56,P01418,06.05.2017,47092.64,5887,0,0,0,0,0,0,12.5,0,0,0,60131.89,7152.25,INR,,,,,MH 14 CP 2472,,,
2540131769,10,210,P01419,06.05.2017,60383.4,7548,0,0,0,0,0,0,12.5,0,0,0,77102.14,9170.74,INR,,,,,MH 14 CP 2472,,,
2540131761,10,40,P01420,06.05.2017,29282.8,3660,0,0,0,0,0,0,12.5,0,0,0,37390.08,4447.28,INR,,,,,MH 14 CP 2472,,,
2540131762,10,120,P01421,06.05.2017,27103.2,3388,0,0,0,0,0,0,12.5,0,0,0,34607.51,4116.31,INR,,,,,MH 14 CP 2472,,,
2510172330,10,40,P01422,06.05.2017,15199.6,1900,0,0,0,0,0,0,12.5,0,0,0,19408.05,2308.45,INR,,,,,MH 14 CP 2472,,,
2540131776,10,16,P01423,06.05.2017,14330.72,1791,0,0,0,0,0,0,12.5,0,0,0,18298.15,2176.43,INR,,,,,MH 14 CP 2472,,,
2510172358,10,60,P01424,06.05.2017,12204.6,1526,0,0,0,0,0,0,12.5,0,0,0,15584.23,1853.63,INR,,,,,MH 14 CP 2472,,,
2540131755,10,25,P01456,08.05.2017,56387.5,7048,0,0,0,0,0,0,12.5,0,0,0,71999.29,8563.79,INR,,,,,MH14 CP2472,,,
2510172327,10,48,P01457,08.05.2017,14930.4,1866,0,0,0,0,0,0,12.5,0,0,0,19063.91,2267.51,INR,,,,,MH14 CP2472,,,
2510172357,10,50,P01458,08.05.2017,12429.5,1554,0,0,0,0,0,0,12.5,0,0,0,15871.27,1887.77,INR,,,,,MH14 CP2472,,,
2540131776,10,16,P01459,08.05.2017,14330.72,1791,0,0,0,0,0,0,12.5,0,0,0,18298.15,2176.43,INR,,,,,MH14 CP2472,,,
2510172310,10,20,P01460,08.05.2017,7120.8,890,0,0,0,0,0,0,12.5,0,0,0,9092.26,1081.46,INR,,,,,MH14 CP2472,,,
2540131763,10,60,P01461,08.05.2017,23995.2,2999,0,0,0,0,0,0,12.5,0,0,0,30638.42,3644.22,INR,,,,,MH14 CP2472,,,
2540131775,10,25,P01462,08.05.2017,18252.5,2282,0,0,0,0,0,0,12.5,0,0,0,23306.66,2772.16,INR,,,,,MH14 CP2472,,,
2540131769,10,60,P01463,08.05.2017,17252.4,2157,0,0,0,0,0,0,12.5,0,0,0,22029.67,2620.27,INR,,,,,,,,
2540131774,10,68,P01464,08.05.2017,20367.36,2546,0,0,0,0,0,0,12.5,0,0,0,26006.66,3093.3,INR,,,,,MH14 CP2472,,,
2510172358,10,60,P01465,08.05.2017,12204.6,1526,0,0,0,0,0,0,12.5,0,0,0,15584.23,1853.63,INR,,,,,MH14 CP2472,,,
2540131762,10,90,P01466,08.05.2017,20327.4,2541,0,0,0,0,0,0,12.5,0,0,0,25955.63,3087.23,INR,,,,,MH14 CP2472,,,
2540131769,10,30,P01467,08.05.2017,8626.2,1078,0,0,0,0,0,0,12.5,0,0,0,11014.27,1310.07,INR,,,,,MH14 CP2472,,,
2510172330,10,20,P01468,08.05.2017,7599.8,950,0,0,0,0,0,0,12.5,0,0,0,9704.02,1154.22,INR,,,,,MH14 CP2472,,,
2510172370,10,6,P01469,08.05.2017,4939.92,617,0,0,0,0,0,0,12.5,0,0,0,6307.1,750.18,INR,,,,,MH14 CP2472,,,
2540131765,10,50,P01470,08.05.2017,110943.5,13868,0,0,0,0,0,0,12.5,0,0,0,141661.05,16849.55,INR,,,,,MH14 CP2472,,,
2540131755,10,75,P01476,09.05.2017,169162.5,21145,0,0,0,0,0,0,12.5,0,0,0,215999.01,25691.51,INR,,,,,MH14 CP2472,,,
2540136716,10,21,P01477,09.05.2017,34168.89,4271,0,0,0,0,0,0,12.5,0,0,0,43629.28,5189.39,INR,,,,,MH14 CP2472,,,
2510172351,10,56,P01478,09.05.2017,47092.64,5887,0,0,0,0,0,0,12.5,0,0,0,60131.89,7152.25,INR,,,,,MH14 CP2472,,,
2540131774,10,40,P01479,09.05.2017,11980.8,1498,0,0,0,0,0,0,12.5,0,0,0,15298.44,1819.64,INR,,,,,MH14 CP2472,,,
2540131762,10,30,P01480,09.05.2017,6775.8,847,0,0,0,0,0,0,12.5,0,0,0,8651.88,1029.08,INR,,,,,MH14 CP2472,,,
2540131769,10,30,P01481,09.05.2017,8626.2,1078,0,0,0,0,0,0,12.5,0,0,0,11014.27,1310.07,INR,,,,,MH14 CP2472,,,
2540127048,10,20,P01482,09.05.2017,7598.6,950,0,0,0,0,0,0,12.5,0,0,0,9702.66,1154.06,INR,,,,,MH14 CP2472,,,
2540131769,10,30,P01483,09.05.2017,8626.2,1078,0,0,0,0,0,0,12.5,0,0,0,11014.27,1310.07,INR,,,,,MH14 CP2472,,,
2510172364,10,72,P01484,09.05.2017,9509.04,1189,0,0,0,0,0,0,12.5,0,0,0,12142.28,1444.24,INR,,,,,,,,
2540132379,10,50,P01487,09.05.2017,124672.5,15584,0,0,0,0,0,0,12.5,0,0,0,159191.13,18934.63,INR,,,,,MH14 CP2472,,,
2510172351,10,56,P01488,09.05.2017,47092.64,5887,0,0,0,0,0,0,12.5,0,0,0,60131.89,7152.25,INR,,,,,MH14 CP2472,,,
2510172365,10,100,P01489,09.05.2017,31474,3934,0,0,0,0,0,0,12.5,0,0,0,40188.08,4780.08,INR,,,,,MH14 CP2472,,,
2540131761,10,100,P01490,09.05.2017,73207,9151,0,0,0,0,0,0,12.5,0,0,0,93476.33,11118.33,INR,,,,,MH14 CP2472,,,
2540127048,10,40,P01491,09.05.2017,15197.2,1900,0,0,0,0,0,0,12.5,0,0,0,19405.32,2308.12,INR,,,,,MH14 CP2472,,,
2510172330,10,20,P01492,09.05.2017,7599.8,950,0,0,0,0,0,0,12.5,0,0,0,9704.02,1154.22,INR,,,,,MH14 CP2472,,,
2540131769,10,150,P01493,09.05.2017,43131,5391,0,0,0,0,0,0,12.5,0,0,0,55072.47,6550.47,INR,,,,,MH14 CP2472,,,
2540131762,10,210,P01494,09.05.2017,47430.6,5929,0,0,0,0,0,0,12.5,0,0,0,60563.15,7203.55,INR,,,,,MH14 CP2472,,,
2510172358,10,60,P01495,09.05.2017,12204.6,1526,0,0,0,0,0,0,12.5,0,0,0,15584.23,1853.63,INR,,,,,MH14 CP2472,,,
2540131774,10,120,P01496,09.05.2017,35942.4,4493,0,0,0,0,0,0,12.5,0,0,0,45894.18,5458.78,INR,,,,,MH14 CP2472,,,
2540131765,10,50,P01497,09.05.2017,110943.5,13868,0,0,0,0,0,0,12.5,0,0,0,141661.05,16849.55,INR,,,,,MH14 CP2472,,,
2510172327,10,24,P01498,09.05.2017,7465.2,933,0,0,0,0,0,0,12.5,0,0,0,9531.96,1133.76,INR,,,,,MH14 CP2472,,,
2540136716,10,18,P01499,09.05.2017,29287.62,3661,0,0,0,0,0,0,12.5,0,0,0,37396.68,4448.06,INR,,,,,MH14 CP2472,,,
2540131763,10,48,P01500,09.05.2017,19196.16,2400,0,0,0,0,0,0,12.5,0,0,0,24511.64,2915.48,INR,,,,,MH14 CP2472,,,
2540131775,10,20,P01501,09.05.2017,14602,1825,0,0,0,0,0,0,12.5,0,0,0,18644.64,2217.64,INR,,,,,MH14 CP2472,,,
2540132379,10,37,P01518,10.05.2017,92257.65,11532,0,0,0,0,0,0,12.5,0,0,0,117801.25,14011.6,INR,,,,,MH14 CP2472,,,
2540131769,10,120,P01519,10.05.2017,34504.8,4313,0,0,0,0,0,0,12.5,0,0,0,44058.2,5240.4,INR,,,,,MH14 CP2472,,,
2510172330,10,20,P01520,10.05.2017,7599.8,950,0,0,0,0,0,0,12.5,0,0,0,9704.02,1154.22,INR,,,,,MH14 CP2472,,,
2540131774,10,60,P01521,10.05.2017,17971.2,2246,0,0,0,0,0,0,12.5,0,0,0,22946.52,2729.32,INR,,,,,MH14 CP2472,,,
2510172313,10,32,P01522,10.05.2017,8815.36,1102,0,0,0,0,0,0,12.5,0,0,0,11256.2,1338.84,INR,,,,,MH14 CP2472,,,
2540131763,10,48,P01523,10.05.2017,19196.16,2400,0,0,0,0,0,0,12.5,0,0,0,24511.64,2915.48,INR,,,,,MH14 CP2472,,,
2540131759,10,18,P01524,10.05.2017,6646.68,831,0,0,0,0,0,0,12.5,0,0,0,8487.17,1009.49,INR,,,,,MH14 CP2472,,,
2540131765,10,25,P01525,10.05.2017,55471.75,6934,0,0,0,0,0,0,12.5,0,0,0,70830.53,8424.78,INR,,,,,MH14 CP2472,,,
